개방자치단체코드,관리번호,인허가일자,인허가취소일자,영업상태코드,영업상태명,상세영업상태코드,상세영업상태명,폐업일자,휴업시작일자,휴업종료일자,재개업일자,전화번호,소재지면적,소재지우편번호,지번주소,도로명주소,도로명우편번호,사업장명,최종수정일자,데이터갱신구분,데이터갱신일자,업태구분명,좌표정보(X),좌표정보(Y),위생업태명,남성종사자수,여성종사자수,영업장주변구분명,등급구분명,급수시설구분명,총인원,본사종업원수,공장사무직종업원수,공장판매직종업원수,공장생산직종업원수,건물소유구분명,보증액,월세액,다중이용업소여부,시설총규모,전통업소지정번호,전통업소주된음식,홈페이지,,,,,,정보
3040000,3040000-105-1961-00027,19611111,,03,폐업,02,폐업,20010709,,,,02 4447511,,143824,서울특별시 광진구 구의동 240-3번지 0000동 0000호,,,유림급식속,2001-11-29 00:00:00,I,2018-08-31 23:59:59.0,집단급식소,,,집단급식소,0,0,기타,기타,,,,,,,,,,N,143.3,,,,,,,,,서울시광진구집단급식소인허가정보.csv
3040000,3040000-105-1979-00033,19790501,,01,영업/정상,01,영업,,,,,02 4539841,8.00,143864,서울특별시 광진구 자양동 590-5,서울특별시 광진구 자양번영로 3 (자양동),05095,(주)신흥기업,2022-05-12 16:30:53,U,2021-12-04 23:04:00.0,산업체,206484.034989216,447539.821475486,,,,,,,,,,,,,,,,,,,,,,,,,서울시광진구집단급식소인허가정보.csv
3040000,3040000-105-1982-00024,19820419,,01,영업/정상,01,영업,,,,,0222041232,,143847,서울특별시 광진구 능동 25번지 ,서울특별시 광진구 천호대로130길 58 (능동),04991,경복초등학교,2017-08-23 18:56:54,I,2018-08-31 23:59:59.0,학교,207648.121842767    ,449795.634126694    ,학교,0,0,기타,기타,상수도전용,,0,,,,,,,N,249.29,,,,,,,,,서울시광진구집단급식소인허가정보.csv
3040000,3040000-105-1990-00010,19900511,,03,폐업,02,폐업,20000818,,,,0246000600,,143839,서울특별시 광진구 군자동 111-0번지 ,,,한국화장품,2001-11-29 00:00:00,I,2018-08-31 23:59:59.0,집단급식소,,,집단급식소,0,0,기타,기타,,,,,,,,,,N,379.48,,,,,,,,,서울시광진구집단급식소인허가정보.csv
3040000,3040000-105-1990-00011,19900623,,03,폐업,02,폐업,20050809,,,,02 4589561,,143914,서울특별시 광진구 화양동 1번지 ,,,건국대학교 병원,2003-01-09 00:00:00,I,2018-08-31 23:59:59.0,집단급식소,206445.881091692    ,448922.881688102    ,집단급식소,0,0,기타,기타,,,,,,,,,,N,392.76,,,,,,,,,서울시광진구집단급식소인허가정보.csv
3040000,3040000-105-1990-00016,19901005,,03,폐업,02,폐업,20000613,,,,02 4622211,,143841,서울특별시 광진구 자양동 9-4번지 ,,,(주)로얄비앤비,2001-11-29 00:00:00,I,2018-08-31 23:59:59.0,집단급식소,205845.946723741    ,448616.847693458    ,집단급식소,0,0,기타,기타,,,,,,,,,,N,224,,,,,,,,,서울시광진구집단급식소인허가정보.csv
3040000,3040000-105-1990-00019,19900613,,03,폐업,02,폐업,20080604,,,,02 4508301,,143200,서울특별시 광진구 구의동 546-1번지 ,,,(주)한진중공업 집단급식소,2008-04-04 13:39:06,I,2018-08-31 23:59:59.0,집단급식소,208201.993320839    ,447967.299542306    ,집단급식소,0,0,기타,기타,,,0,,,,,,,N,825.57,,,,,,,,,서울시광진구집단급식소인허가정보.csv
3040000,3040000-105-1990-00023,19900623,,01,영업/정상,01,영업,,,,,02 4527567,,143914,서울특별시 광진구 화양동 1번지 학생회관 지하1층 (구번지 393-1) ,서울특별시 광진구 능동로 120 (화양동, 학생회관 지하1층),05029,건국대학교 학생회관,2017-08-23 18:56:54,I,2018-08-31 23:59:59.0,학교,206445.881091692    ,448922.881688102    ,학교,0,0,기타,기타,상수도전용,,0,,,,,,,N,366,,,,,,,,서울시광진구집단급식소인허가정보.csv
3040000,3040000-105-1990-00028,19900511,,01,영업/정상,01,영업,,,,,0222040163,,143884,서울특별시 광진구 중곡동 30-1번지 지층 ,서울특별시 광진구 용마산로 127, 지층 (중곡동),04933,국립정신건강센터,2017-08-23 18:56:54,I,2018-08-31 23:59:59.0,병원,207510.076791915    ,451417.864438667    ,병원,0,0,기타,기타,상수도전용,,,,,,,,,N,698.48,,,,,,,,서울시광진구집단급식소인허가정보.csv
3040000,3040000-105-1991-00021,19910701,,03,폐업,02,폐업,19990515,,,,02 4630978,,143841,서울특별시 광진구 자양동 17-5번지 ,,,영송전기구내식당,2001-11-29 00:00:00,I,2018-08-31 23:59:59.0,집단급식소,205658.357256426    ,448806.789813369    ,집단급식소,0,0,기타,기타,,,,,,,,,,N,0,,,,,,,,,서울시광진구집단급식소인허가정보.csv
3040000,3040000-105-1991-00032,1991-06-25,,01,영업/정상,01,영업,,,,,0220499043,60.20,143-867,서울특별시 광진구 자양동 627-3,서울특별시 광진구 자양로 85 (자양동),05056,혜민병원,2023-07-11 15:18:29,U,2022-12-06 23:03:00.0,병원,207307.270591653,448107.552520605,,,,,,,,,,,,,,,,,,,,,,,,,서울시광진구집단급식소인허가정보.csv
3040000,3040000-105-1991-00034,19911102,,01,영업/정상,01,영업,,,,,02 4501556,,143853,서울특별시 광진구 자양동 777번지 ,서울특별시 광진구 자양로 117 (자양동),05026,광진구청후생위원회,2017-08-23 18:56:54,I,2018-08-31 23:59:59.0,공공기관,207217.242723012    ,448466.072448888    ,공공기관,0,0,기타,기타,간이상수도,,,,,,,,,N,405.49,,,,,,,,,서울시광진구집단급식소인허가정보.csv
3040000,3040000-105-1992-00013,19920429,,01,영업/정상,01,영업,,,,,02 4631196,,143839,서울특별시 광진구 군자동 98번지 ,서울특별시 광진구 군자로 114 (군자동),05006,세종초등학교,2017-08-23 18:56:54,I,2018-08-31 23:59:59.0,학교,206479.980833988    ,449827.630945538    ,학교,0,0,기타,기타,상수도전용,,0,,,,,,,N,149.51,,,,,,,,,서울시광진구집단급식소인허가정보.csv
3040000,3040000-105-1992-00050,19920502,,01,영업/정상,01,영업,,,,,02 4472643,,143875,서울특별시 광진구 자양동 694-1번지 ,서울특별시 광진구 자양로4길 63 (자양동),05114,성동초등학교,2017-08-23 18:56:54,I,2018-08-31 23:59:59.0,학교,207843.761978087    ,447858.121626521    ,학교,0,0,기타,기타,상수도전용,,0,,,,,,,N,141.75,,,,,,,,,서울시광진구집단급식소인허가정보.csv
3040000,3040000-105-1995-00003,19950206,,03,폐업,02,폐업,20150224,,,,0234083386,,143839,서울특별시 광진구 군자동 98번지 ,서울특별시 광진구 능동로 209 (군자동),05006,우정당식당,2015-01-07 14:03:18,I,2018-08-31 23:59:59.0,집단급식소,206479.980833988    ,449827.630945538    ,집단급식소,0,0,기타,기타,,,,,,,,,,N,789.63,,,,,,,,,서울시광진구집단급식소인허가정보.csv
3040000,3040000-105-1995-00029,1995-03-24,,01,영업/정상,01,영업,,,,,02 4504408,293.02,143-800,서울특별시 광진구 광장동 21,서울특별시 광진구 워커힐로 177 (광장동),04963,워커힐 구내식당,2023-05-04 10:58:26,U,2022-12-05 00:07:00.0,산업체,209766.973555533,450385.000713887,,,,,,,,,,,,,,,,,,,,,,,,,서울시광진구집단급식소인허가정보.csv
3040000,3040000-105-1995-00031,19950603,,03,폐업,02,폐업,20010502,,,,02 4530011,,143821,서울특별시 광진구 구의동 206-1번지 ,,,(주)기린어패럴급식소,2002-07-18 00:00:00,I,2018-08-31 23:59:59.0,집단급식소,208205.585337506    ,448879.49402445     ,집단급식소,0,0,기타,기타,,,,,,,,,,N,148.7,,,,,,,,,서울시광진구집단급식소인허가정보.csv
3040000,3040000-105-1996-00014,19960320,,03,폐업,02,폐업,20000316,,,,0234363541,,143874,서울특별시 광진구 자양동 680-68번지 ,,,세경건설(주),2001-11-29 00:00:00,I,2018-08-31 23:59:59.0,집단급식소,207391.330183096    ,448120.785876892    ,집단급식소,0,0,기타,기타,,,,,,,,,,N,149.27,,,,,,,,,서울시광진구집단급식소인허가정보.csv
3040000,3040000-105-1996-00015,19960429,,03,폐업,02,폐업,20020225,,,,02 4504806,,143800,서울특별시 광진구 광장동 21-0번지 ,,,파라다이스투자개발,2001-11-29 00:00:00,I,2018-08-31 23:59:59.0,집단급식소,209766.973555533    ,450385.000713887    ,집단급식소,0,0,기타,기타,,,,,,,,,,N,95.65,,,,,,,,,서울시광진구집단급식소인허가정보.csv
3040000,3040000-105-1996-00017,19960611,,03,폐업,02,폐업,20070618,,,,02 4507313,,143812,서울특별시 광진구 광장동 427-0번지 ,,,한국화이자제약주식회사,2001-12-14 00:00:00,I,2018-08-31 23:59:59.0,집단급식소,,,집단급식소,0,0,기타,기타,,,,,,,,,,N,0,,,,,,,,,서울시광진구집단급식소인허가정보.csv
3040000,3040000-105-1996-00018,19960611,,03,폐업,02,폐업,19971107,,,,02 4506219,,143813,서울특별시 광진구 광장동 445-0번지 ,,,모터로라코리아,2001-11-29 00:00:00,I,2018-08-31 23:59:59.0,집단급식소,,,집단급식소,0,0,기타,기타,,,,,,,,,,N,0,,,,,,,,,서울시광진구집단급식소인허가정보.csv
3040000,3040000-105-1996-00020,19960626,,01,영업/정상,01,영업,,,,,0234362419,288.00,143874,서울특별시 광진구 자양동 680-65,서울특별시 광진구 자양로 76 (자양동),05050,동서울우편집중국,2022-11-22 14:27:25,U,2021-10-31 22:04:00.0,공공기관,207521.138593258,448140.060770707,,,,,,,,,,,,,,,,,,,,,,,,,서울시광진구집단급식소인허가정보.csv
3040000,3040000-105-1996-00022,19960801,,01,영업/정상,01,영업,,,,,02 4466867,39.00,143816,서울특별시 광진구 구의동 16-3번지 ,서울특별시 광진구 워커힐로 93 (구의동),04958,복)한국소아마비협회 집단급식소,2018-10-18 16:41:21,U,2018-10-20 02:36:48.0,사회복지시설,208558.349405792    ,449841.665708031    ,사회복지시설,0,0,기타,기타,상수도전용,,0,,,,,,,N,228.6,,,,,,,,,서울시광진구집단급식소인허가정보.csv
3040000,3040000-105-1996-00047,19960318,,01,영업/정상,01,영업,,,,,02 4569119,,143210,서울특별시 광진구 광장동 산 353번지 학생식당 ,서울특별시 광진구 광장로5길 25-1 (광장동, 학생식당),04965,장로회신학대학교,2017-08-23 18:56:54,I,2018-08-31 23:59:59.0,학교,209096.544852183    ,449775.249091958    ,학교,0,0,기타,기타,상수도전용,,0,,,,,,,N,1336.13,,,,,,,,서울시광진구집단급식소인허가정보.csv
3040000,3040000-105-1997-00025,19970507,,03,폐업,02,폐업,20150224,,,,0234083387,,143839,서울특별시 광진구 군자동 98번지 6층 군자관식당 ,서울특별시 광진구 능동로 209, 6층 (군자동, 군자관식당),05006,군자관식당,2014-05-07 16:01:58,I,2018-08-31 23:59:59.0,집단급식소,206479.980833988    ,449827.630945538    ,집단급식소,0,0,기타,기타,,,0,,,,,,,N,151.2,,,,,,,서울시광진구집단급식소인허가정보.csv
3040000,3040000-105-1998-00004,19980324,,01,영업/정상,01,영업,,,,,0222040451,,143874,서울특별시 광진구 자양동 680-63번지 ,서울특별시 광진구 아차산로 416 (자양동),05050,(주)케이티 광진지사,2017-08-23 18:56:54,I,2018-08-31 23:59:59.0,산업체,207770.197118183    ,448131.0613924      ,산업체,0,0,기타,기타,상수도전용,,0,,,,,,,N,153.18,,,,,,,,,서울시광진구집단급식소인허가정보.csv
3040000,3040000-105-1998-00005,19980602,,01,영업/정상,01,영업,,,,,0234242517,30.03,143200,서울특별시 광진구 구의동 546-4,서울특별시 광진구 광나루로56길 85 (구의동),05116,롯데쇼핑(주)롯데마트 강변점,2022-04-28 15:03:12,U,2021-12-03 21:00:00.0,산업체,208394.416382167,448165.279999905,,,,,,,,,,,,,,,,,,,,,,,,,서울시광진구집단급식소인허가정보.csv
3040000,3040000-105-1998-00006,19980630,,03,폐업,02,폐업,19981029,,,,02 4602871,,143838,서울특별시 광진구 군자동 91-18번지 0000동 0000호,,,(주)금흥양행,2001-11-29 00:00:00,I,2018-08-31 23:59:59.0,집단급식소,206353.759057723    ,450524.350212167    ,집단급식소,0,0,기타,기타,,,,,,,,,,N,102.65,,,,,,,,,서울시광진구집단급식소인허가정보.csv
3040000,3040000-105-1998-00007,19980716,,01,영업/정상,01,영업,,,,,02 4553485,,143815,서울특별시 광진구 광장동 554-0번지 ,서울특별시 광진구 아차산로70길 35 (광장동),04973,서울광남초등학교,2017-08-23 18:56:54,I,2018-08-31 23:59:59.0,학교,208850.836773289    ,448733.238317161    ,학교,0,0,기타,기타,상수도전용,,0,,,,,,,N,182.46,,,,,,,,,서울시광진구집단급식소인허가정보.csv
3040000,3040000-105-1998-00008,1998-07-16,,01,영업/정상,01,영업,,,,,0234364017,127.40,143-891,서울특별시 광진구 중곡동 135-1,서울특별시 광진구 천호대로113길 10 (중곡동),04926,서울용마초등학교,2023-02-01 10:33:54,U,2022-12-02 00:03:00.0,학교,207370.702900355,450635.591175075,,,,,,,,,,,,,,,,,,,,,,,,,서울시광진구집단급식소인허가정보.csv
3040000,3040000-105-1998-00009,1998-12-17,,03,폐업,02,폐업,2023-02-28,,,,02 4675987,104.52,143-914,서울특별시 광진구 화양동 12-2,서울특별시 광진구 군자로 9 (화양동),05011,서울화양초등학교,2023-02-28 13:21:17,U,2022-12-03 00:03:00.0,학교,206223.556403661,449106.396154674,,,,,,,,,,,,,,,,,,,,,,,,,서울시광진구집단급식소인허가정보.csv
3040000,3040000-105-1998-00026,19980122,,03,폐업,02,폐업,19990506,,,,02 4522090,,143827,서울특별시 광진구 구의동 253-23번지 0000동 0000호,,,성동소방서,2001-11-29 00:00:00,I,2018-08-31 23:59:59.0,집단급식소,207251.455962208    ,449177.767319025    ,집단급식소,0,0,기타,기타,,,,,,,,,,N,96.73,,,,,,,,,서울시광진구집단급식소인허가정보.csv
3040000,3040000-105-1999-00001,19990304,,01,영업/정상,01,영업,,,,,02 4538921,,143831,서울특별시 광진구 구의동 587-52번지 ,서울특별시 광진구 강변역로 18 (구의동),05048,구남초등학교,2017-08-23 18:56:54,I,2018-08-31 23:59:59.0,학교,208035.215425542    ,448348.931454971    ,학교,0,0,기타,기타,상수도전용,,,,,,,,,N,164.7,,,,,,,,,서울시광진구집단급식소인허가정보.csv
3040000,3040000-105-1999-00002,19990304,,01,영업/정상,01,영업,,,,,0222019959,116.00,143130,서울특별시 광진구 화양동 산 303-9,서울특별시 광진구 광나루로30길 49 (화양동),05022,서울구의초등학교,2022-05-24 14:36:23,U,2021-12-04 22:06:00.0,학교,206251.308493152,449054.221579216,,,,,,,,,,,,,,,,,,,,,,,,,서울시광진구집단급식소인허가정보.csv
3040000,3040000-105-1999-00035,19990105,,01,영업/정상,01,영업,,,,,02 4567977,,143816,서울특별시 광진구 구의동 4-5번지 ,서울특별시 광진구 영화사로 111 (구의동),04948,동의초등학교,2017-08-23 18:56:54,I,2018-08-31 23:59:59.0,학교,208662.721552032    ,450127.957613105    ,학교,0,0,기타,기타,상수도전용,,,,,,,,,N,190.06,,,,,,,,,서울시광진구집단급식소인허가정보.csv
3040000,3040000-105-1999-00036,19990129,,01,영업/정상,01,영업,,,,,02 4521542,,143865,서울특별시 광진구 자양동 591-0번지 ,서울특별시 광진구 뚝섬로46길 64 (자양동),05110,서울신자초등학교,2017-08-23 18:56:54,I,2018-08-31 23:59:59.0,학교,206606.686280733    ,447539.297432489    ,학교,0,0,기타,기타,상수도전용,,,,,,,,,N,171,,,,,,,,,서울시광진구집단급식소인허가정보.csv
3040000,3040000-105-1999-00037,19990129,,03,폐업,02,폐업,20090706,,,,02 4465281,,143926,서울특별시 광진구 화양동 303-1번지 ,,,동아자동차운전전문학원,2008-04-22 16:50:47,I,2018-08-31 23:59:59.0,집단급식소,207063.120761284    ,449113.13851035     ,집단급식소,0,0,기타,기타,상수도전용,,,,,,,,,N,125.97,,,,,,,,,서울시광진구집단급식소인허가정보.csv
3040000,3040000-105-1999-00038,19990201,,01,영업/정상,01,영업,,,,,02 4476824,,143907,서울특별시 광진구 중곡동 176-1번지 ,서울특별시 광진구 용마산로22길 82 (중곡동),04940,서울용곡초등학교,2017-08-23 18:56:54,I,2018-08-31 23:59:59.0,학교,207754.354700092    ,451620.795819875    ,학교,0,0,기타,기타,상수도전용,,,,,,,,,N,177.57,,,,,,,,,서울시광진구집단급식소인허가정보.csv
3040000,3040000-105-1999-00039,19990203,,01,영업/정상,01,영업,,,,,02 4572244,,143852,서울특별시 광진구 자양동 222-6번지 ,서울특별시 광진구 아차산로44길 26 (자양동),05054,자양초등학교,2017-08-23 18:56:54,I,2018-08-31 23:59:59.0,학교,206960.736710706    ,448289.47549965     ,학교,0,0,기타,기타,상수도전용,,,,,,,,,N,184.8,,,,,,,,,서울시광진구집단급식소인허가정보.csv
3040000,3040000-105-1999-00040,19990203,,01,영업/정상,01,영업,,,,,02 4441349,,143861,서울특별시 광진구 자양동 518-1번지 ,서울특별시 광진구 뚝섬로 561 (자양동),05069,서울동자초등학교,2017-08-23 18:56:54,I,2018-08-31 23:59:59.0,학교,206363.552453218    ,448036.241411432    ,학교,0,0,기타,기타,상수도전용,,0,,,,,,,N,119.04,,,,,,,,,서울시광진구집단급식소인허가정보.csv
3040000,3040000-105-1999-00041,19990203,,01,영업/정상,01,영업,,,,,0222018081,,143861,서울특별시 광진구 자양동 504번지 (구번지506-1) ,서울특별시 광진구 능동로 42 (자양동),05090,신양초등학교,2017-08-23 18:56:54,I,2018-08-31 23:59:59.0,학교,206045.50034674     ,448041.034363446    ,학교,0,0,기타,기타,상수도전용,,0,,,,,,,N,177.19,,,,,,,,,서울시광진구집단급식소인허가정보.csv
3040000,3040000-105-1999-00042,19990209,,01,영업/정상,01,영업,,,,,02 4549664,,143875,서울특별시 광진구 자양동 692-0번지 ,서울특별시 광진구 뚝섬로64길 71 (자양동),05114,양남초등학교,2017-08-23 18:56:54,I,2018-08-31 23:59:59.0,학교,207861.406883291    ,447614.391868782    ,학교,0,0,기타,기타,상수도전용,,,,,,,,,N,165,,,,,,,,,서울시광진구집단급식소인허가정보.csv
3040000,3040000-105-1999-00043,19990209,,01,영업/정상,01,영업,,,,,02 4460811,,143873,서울특별시 광진구 자양동 662-0번지 ,서울특별시 광진구 뚝섬로56길 7 (자양동),05102,서울성자초등학교,2017-08-23 18:56:54,I,2018-08-31 23:59:59.0,학교,207275.228869216    ,447661.253689863    ,학교,0,0,학교정화(상대),우수,상수도전용,,0,,,,,,,N,173.63,,,,,,,,,서울시광진구집단급식소인허가정보.csv
3040000,3040000-105-1999-00044,19990306,,01,영업/정상,01,영업,,,,,02 4661009,,143901,서울특별시 광진구 중곡동 191-69번지 (구번지191-70) ,서울특별시 광진구 동일로72길 43 (중곡동),04907,서울중마초등학교,2017-08-23 18:56:54,I,2018-08-31 23:59:59.0,학교,206981.334576243    ,451513.905301634    ,학교,0,0,기타,기타,상수도전용,,0,,,,,,,N,155.18,,,,,,,,,서울시광진구집단급식소인허가정보.csv
3040000,3040000-105-1999-00045,19990407,,01,영업/정상,01,영업,,,,,02 4552654,,143824,서울특별시 광진구 구의동 238-1번지 ,서울특별시 광진구 광나루로36길 47 (구의동),05038,동국대학교사범대학부속여자고등학교,2017-08-23 18:56:54,I,2018-08-31 23:59:59.0,학교,207603.589633807    ,448933.812411749    ,학교,0,0,기타,기타,상수도전용,,0,,,,,,,N,612.96,,,,,,,,,서울시광진구집단급식소인허가정보.csv
3040000,3040000-105-1999-00046,19990415,,01,영업/정상,01,영업,,,,,02 4526242,,143861,서울특별시 광진구 자양동 516-2번지 (구번지524) ,서울특별시 광진구 뚝섬로37길 28 (자양동),05069,자양고등학교,2017-08-23 18:56:54,I,2018-08-31 23:59:59.0,학교,206312.860783138    ,448104.342759194    ,학교,0,0,기타,기타,상수도전용,,0,,,,,,,N,157.37,,,,,,,,,서울시광진구집단급식소인허가정보.csv
3040000,3040000-105-1999-00048,19990527,,03,폐업,02,폐업,20170428,,,,0222042104,,143874,서울특별시 광진구 자양동 680-22번지 ,서울특별시 광진구 아차산로 404 (자양동),05050,서울동부지방법원,2017-04-28 14:23:41,I,2018-08-31 23:59:59.0,집단급식소,207687.311886979    ,448281.453727129    ,집단급식소,0,0,기타,기타,상수도전용,,,,,,,,,N,163.64,,,,,,,,,서울시광진구집단급식소인허가정보.csv
3040000,3040000-105-1999-00049,19990723,,03,폐업,02,폐업,20171208,,,,02 4547867,,143874,서울특별시 광진구 자양동 680-22번지 ,서울특별시 광진구 아차산로 404 (자양동),05050,서울동부지방검찰청,2017-12-08 17:01:17,I,2018-08-31 23:59:59.0,공공기관,207687.311886979    ,448281.453727129    ,공공기관,0,0,기타,기타,상수도전용,,0,,,,,,,N,280.76,,,,,,,,,서울시광진구집단급식소인허가정보.csv
3040000,3040000-105-1999-00051,19990830,,01,영업/정상,01,영업,,,,,02 4460384,,143815,서울특별시 광진구 광장동 554-11번지 ,서울특별시 광진구 아차산로70길 17-16 (광장동),04973,광남고등학교,2017-08-23 18:56:54,I,2018-08-31 23:59:59.0,학교,208956.104187619    ,448778.292074535    ,학교,0,0,기타,기타,상수도전용,,,,,,,,,N,223.38,,,,,,,,,서울시광진구집단급식소인허가정보.csv
3040000,3040000-105-1999-00052,19991025,,03,폐업,02,폐업,20191210,,,,0222040446,100.09,143874,서울특별시 광진구 자양동 680-63번지 KT생활관 ,서울특별시 광진구 아차산로 416 (자양동, KT생활관),05050,(재)케이티그룹희망나눔재단 생활관,2019-12-10 14:09:55,U,2019-12-12 02:40:00.0,산업체,207770.197118183    ,448131.0613924      ,산업체,0,0,기타,기타,상수도전용,,0,,,,,,,N,617.25,,,,,,,,서울시광진구집단급식소인허가정보.csv
3040000,3040000-105-1999-00053,19991130,,01,영업/정상,01,영업,,,,,02 4580970,,143811,서울특별시 광진구 광장동 389-1번지 ,서울특별시 광진구 광장로1길 27 (광장동),04966,서울광장초등학교,2017-08-23 18:56:54,I,2018-08-31 23:59:59.0,학교,208883.452134519    ,449556.063512919    ,학교,0,0,기타,기타,상수도전용,,,,,,,,,N,135,,,,,,,,,서울시광진구집단급식소인허가정보.csv
3040000,3040000-105-1999-00054,19991207,,03,폐업,02,폐업,20050311,,,,02 4471435,,143873,서울특별시 광진구 자양동 674-1번지 ,,,광양고등학교,2000-05-26 00:00:00,I,2018-08-31 23:59:59.0,집단급식소,207552.938186686    ,447459.000863516    ,집단급식소,0,0,기타,기타,,,,,,,,,,N,742.38,,,,,,,,,서울시광진구집단급식소인허가정보.csv
3040000,3040000-105-2000-00055,20000303,,01,영업/정상,01,영업,,,,,02463 5877,,143900,서울특별시 광진구 중곡동 220-22번지 ,서울특별시 광진구 긴고랑로13길 59 (중곡동),04908,서울중광초등학교,2017-08-23 18:56:54,I,2018-08-31 23:59:59.0,학교,207219.94952698     ,451432.84775749     ,학교,0,0,기타,기타,상수도전용,,,,,,,,,N,181.25,,,,,,,,,서울시광진구집단급식소인허가정보.csv
3040000,3040000-105-2000-00056,20000318,,01,영업/정상,01,영업,,,,,0222041664,,143907,서울특별시 광진구 중곡동 176-124번지 (지번변경) ,서울특별시 광진구 용마산로22길 26 (중곡동,(지번변경)),04939,대원학원(대원고등학교,대원외국어고등학교,대원중학교),2018-03-05 14:03:46,I,2018-08-31 23:59:59.0,학교,207945.402571551    ,451251.231293361    ,학교,0,0,기타,기타,상수도전용,,0,,,,,,,N,495,,,,,,서울시광진구집단급식소인허가정보.csv
3040000,3040000-105-2000-00057,20000421,,03,폐업,02,폐업,20130103,,,,0234084083,,143839,서울특별시 광진구 군자동 98-0번지 ,,,진관홀식당,2010-06-23 15:21:41,I,2018-08-31 23:59:59.0,집단급식소,206479.980833988    ,449827.630945538    ,집단급식소,0,0,기타,기타,,,0,,,,,,,N,0,,,,,,,,,서울시광진구집단급식소인허가정보.csv
3040000,3040000-105-2000-00058,20000529,,01,영업/정상,01,영업,,,,,02 4611066,,143844,서울특별시 광진구 자양동 57-8번지 ,서울특별시 광진구 자양강변길 73 (자양동),05087,신양중학교,2017-08-23 18:56:54,I,2018-08-31 23:59:59.0,학교,205538.941626715    ,447896.679897146    ,학교,0,0,기타,기타,상수도전용,,0,,,,,,,N,160,,,,,,,,,서울시광진구집단급식소인허가정보.csv
3040000,3040000-105-2000-00059,20000608,,01,영업/정상,01,영업,,,,,0234250048,,143875,서울특별시 광진구 자양동 693-0번지 광진중학교구내 ,서울특별시 광진구 뚝섬로64길 45 (자양동,광진중학교구내),05114,광진중학교,2017-08-23 18:56:54,I,2018-08-31 23:59:59.0,학교,207851.615350647    ,447730.434939677    ,학교,0,0,기타,기타,상수도전용,,0,,,,,,,N,162,,,,,,,,서울시광진구집단급식소인허가정보.csv
3040000,3040000-105-2000-00060,20000612,,03,폐업,02,폐업,20130222,,,,02 4502807,,143874,서울특별시 광진구 자양동 680-81번지 3층 ,서울특별시 광진구 자양로 72 (자양동,3층),05050,우정사업정보센터,2010-06-23 15:18:52,I,2018-08-31 23:59:59.0,집단급식소,207617.766676385    ,447999.288389849    ,집단급식소,0,0,기타,기타,,,0,,,,,,,N,432,,,,,,,,서울시광진구집단급식소인허가정보.csv
3040000,3040000-105-2001-00062,20010524,,01,영업/정상,01,영업,,,,,02 4550479,,143907,서울특별시 광진구 중곡동 176-77번지 ,서울특별시 광진구 용마산로22길 76 (중곡동),04940,용곡중학교,2017-08-23 18:56:54,I,2018-08-31 23:59:59.0,학교,207777.999546464    ,451504.924408133    ,학교,,,기타,기타,상수도전용,,0,,,,,,,N,0,,,,,,,,,서울시광진구집단급식소인허가정보.csv
3040000,3040000-105-2001-00063,20010612,,03,폐업,02,폐업,20111011,,,,02 4475452,,143811,서울특별시 광진구 광장동 353-0번지 세계교회협력센타(교직원식당) ,,,장로회신학대학교,2010-07-02 14:59:05,I,2018-08-31 23:59:59.0,집단급식소,209096.544852183    ,449775.249091958    ,집단급식소,,,기타,기타,상수도전용,,0,,,,,,,N,0,,,,,,,,,서울시광진구집단급식소인허가정보.csv
3040000,3040000-105-2001-00064,2001-09-28,,01,영업/정상,01,영업,,,,,02 4587876,243.00,143-703,서울특별시 광진구 구의동 254-32 광진경찰서,서울특별시 광진구 자양로 167, 광진경찰서 7층 (구의동),05024,광진경찰서,2023-02-23 15:08:55,U,2022-12-01 22:05:00.0,공공기관,207339.698688317,448954.948149117,,,,,,,,,,,,,,,,,,,,,,,,서울시광진구집단급식소인허가정보.csv
3040000,3040000-105-2001-00065,20011213,,01,영업/정상,01,영업,,,,,02 4467556,,143861,서울특별시 광진구 자양동 524-10번지 (구번지524) ,서울특별시 광진구 뚝섬로41길 33 (자양동),05069,자양중학교,2017-08-23 18:56:54,I,2018-08-31 23:59:59.0,학교,206490.114529999    ,448125.714908265    ,학교,,,,,상수도전용,,,,,,,,,N,0,,,,,,,,,서울시광진구집단급식소인허가정보.csv
3040000,3040000-105-2002-00001,20020415,,03,폐업,02,폐업,20121116,,,,02 4531275,,143824,서울특별시 광진구 구의동 234-14번지 ,서울특별시 광진구 광나루로 506 (구의동),05031,광진구의한방병원,2012-11-29 15:04:23,I,2018-08-31 23:59:59.0,집단급식소,207501.564265218    ,449169.370576213    ,집단급식소,,,,,상수도전용,,,,,,,,,N,0,,,,,,,,,서울시광진구집단급식소인허가정보.csv
3040000,3040000-105-2002-00002,20020419,,01,영업/정상,01,영업,,,,,0263117969,,143837,서울특별시 광진구 군자동 232번지 ,서울특별시 광진구 능동로 247-1 (군자동),04998,서울교통공사대공원승무사업소,2017-08-23 18:56:54,I,2018-08-31 23:59:59.0,공공기관,206670.299042697    ,450006.968701683    ,공공기관,,,,,상수도전용,,,,,,,,,N,0,,,,,,,,,서울시광진구집단급식소인허가정보.csv
3040000,3040000-105-2002-00003,20020501,,01,영업/정상,01,영업,,,,,02 4550433,,143831,서울특별시 광진구 구의동 587-52번지 ,서울특별시 광진구 강변역로 18 (구의동),05048,서울광진학교,2017-08-23 18:56:54,I,2018-08-31 23:59:59.0,학교,208035.215425542    ,448348.931454971    ,학교,,,,,상수도전용,,,,,,,,,N,0,,,,,,,,,서울시광진구집단급식소인허가정보.csv
3040000,3040000-105-2002-00004,20010308,,01,영업/정상,01,영업,,,,,02 4660439,,143840,서울특별시 광진구 군자동 365-1번지 서울장안초등학교 ,서울특별시 광진구 군자로 74 (군자동,서울장안초등학교),05004,서울장안초등학교,2017-08-23 18:56:54,I,2018-08-31 23:59:59.0,학교,206299.009763018    ,449814.471523976    ,학교,,,,,상수도전용,,,,,,,,,N,0,,,,,,,,서울시광진구집단급식소인허가정보.csv
3040000,3040000-105-2002-00005,20020805,,01,영업/정상,01,영업,,,,,07070123599,,143914,서울특별시 광진구 화양동 1,서울특별시 광진구 능동로 120 (화양동),05029,건국대학교 부속고등학교,2022-05-24 14:44:47,U,2021-12-04 22:06:00.0,학교,206445.881091692,448922.881688102,,,,,,,,,,,,,,,,,,,,,,,,,서울시광진구집단급식소인허가정보.csv
3040000,3040000-105-2002-00006,20021015,,01,영업/정상,01,영업,,,,,02 4461507,,143815,서울특별시 광진구 광장동 554-15번지 ,서울특별시 광진구 아차산로70길 17-62 (광장동),04973,광남중학교,2017-08-23 18:56:54,I,2018-08-31 23:59:59.0,학교,208911.636833622    ,448675.719335301    ,학교,,,,,상수도전용,,,,,,,,,N,0,,,,,,,,,서울시광진구집단급식소인허가정보.csv
3040000,3040000-105-2002-00007,20021128,,01,영업/정상,01,영업,,,,,4524953,,143926,서울특별시 광진구 화양동 303-18,서울특별시 광진구 광나루로30길 80 (화양동),05022,구의중학교,2022-05-24 14:39:43,U,2021-12-04 22:06:00.0,학교,206918.014625468,449001.652139809,,,,,,,,,,,,,,,,,,,,,,,,,서울시광진구집단급식소인허가정보.csv
3040000,3040000-105-2003-00001,20030319,,01,영업/정상,01,영업,,,,,02 4503973,,143914,서울특별시 광진구 화양동 1번지 새천년관 지하1,2층 ,서울특별시 광진구 능동로 120, 지하1,2층 (화양동, 새천년관 ),05029,건국대학교 새천년관,2017-08-23 18:56:54,I,2018-08-31 23:59:59.0,학교,206445.881091692    ,448922.881688102    ,학교,,,,,상수도전용,,0,,,,,,,N,19.25,,,,,서울시광진구집단급식소인허가정보.csv
3040000,3040000-105-2003-00002,20030319,,01,영업/정상,01,영업,,,,,02 4527364,,143811,서울특별시 광진구 광장동 394-5번지 광장중학교 (구번지394-6) ,서울특별시 광진구 광장로1길 1 (광장동, 광장중학교),04966,광장중학교,2017-08-23 18:56:54,I,2018-08-31 23:59:59.0,학교,208919.430999227    ,449436.602016707    ,학교,,,,,상수도전용,,,,,,,,,N,0,,,,,,,,서울시광진구집단급식소인허가정보.csv
3040000,3040000-105-2003-00003,20030325,,03,폐업,02,폐업,20030325,,,,,,143914,서울특별시 광진구 화양동 1번지 새천년관 지하1,2층 지상14층 ,,,건국대학교 새천년관,2003-07-03 00:00:00,I,2018-08-31 23:59:59.0,집단급식소,206445.881091692    ,448922.881688102    ,집단급식소,,,,,,,,,,,,,,N,0,,,,,,,,서울시광진구집단급식소인허가정보.csv
3040000,3040000-105-2003-00004,20030325,,03,폐업,02,폐업,20030325,,,,,,143811,서울특별시 광진구 광장동 394-6번지 광장중학교 ,,,광장중학교,2003-03-25 00:00:00,I,2018-08-31 23:59:59.0,집단급식소,,,집단급식소,,,,,,,,,,,,,,N,0,,,,,,,,,서울시광진구집단급식소인허가정보.csv
3040000,3040000-105-2003-00005,20030401,,03,폐업,02,폐업,20130103,,,,0234083552,,143839,서울특별시 광진구 군자동 98-0번지 ,,,군자관지하식당,2010-06-23 15:22:14,I,2018-08-31 23:59:59.0,집단급식소,206479.980833988    ,449827.630945538    ,집단급식소,,,,,,,,,,,,,,N,0,,,,,,,,,서울시광진구집단급식소인허가정보.csv
3040000,3040000-105-2003-00006,20030529,,01,영업/정상,01,영업,,,,,0220490518,,143203,서울특별시 광진구 구의동 587번지 광진우체국 ,서울특별시 광진구 강변역로 2 (구의동,광진우체국),05048,서울광진우체국,2019-01-04 17:20:04,U,2019-01-06 02:40:00.0,공공기관,207897.590391352    ,448338.35599465     ,공공기관,,,,,상수도전용,,0,,,,,,,N,0,,,,,,,,서울시광진구집단급식소인허가정보.csv
3040000,3040000-105-2003-00007,20030715,,01,영업/정상,01,영업,,,,,22041314,,143847,서울특별시 광진구 능동 25번지 선화예술중,고등학교 (구번지25) ,서울특별시 광진구 천호대로 664 (능동, 선화예술중,고등학교),04991,선화예술고등학교,2017-08-23 18:56:54,I,2018-08-31 23:59:59.0,학교,207648.121842767    ,449795.634126694    ,학교,,,,,상수도전용,,,,,,,,,N,0,,,,,,서울시광진구집단급식소인허가정보.csv
3040000,3040000-105-2003-00008,20030920,,01,영업/정상,01,영업,,,,,4584695,,143818,서울특별시 광진구 구의동 60-44번지 서울광진초등학교 ,서울특별시 광진구 자양로40길 41 (구의동,서울광진초등학교),04980,서울광진초등학교,2017-08-23 18:56:54,I,2018-08-31 23:59:59.0,학교,207992.080710925    ,449485.80913581     ,학교,,,,,상수도전용,,,,,,,,,N,0,,,,,,,,서울시광진구집단급식소인허가정보.csv
3040000,3040000-105-2003-00009,20031022,,01,영업/정상,01,영업,,,,,02 4570317,,143926,서울특별시 광진구 화양동 528번지 ,서울특별시 광진구 자양로 145-1 (화양동),05025,건국대학교사범대학부속중학교,2017-08-23 18:56:54,I,2018-08-31 23:59:59.0,학교,207080.089565732    ,448675.755047145    ,학교,,,,,상수도전용,,,,,,,,,N,0,,,,,,,,,서울시광진구집단급식소인허가정보.csv
3040000,3040000-105-2004-00001,20040628,,01,영업/정상,01,영업,,,,,02 4442544,,143926,서울특별시 광진구 화양동 478-3,서울특별시 광진구 광나루로26길 39 (화양동),05022,구립 느티나무어린이집,2022-04-28 16:56:14,U,2021-12-03 21:00:00.0,어린이집,206831.353211558,449241.790560695,,,,,,,,,,,,,,,,,,,,,,,,,서울시광진구집단급식소인허가정보.csv
3040000,3040000-105-2004-00002,20040628,,01,영업/정상,01,영업,,,,,02 4567295,,143821,서울특별시 광진구 구의동 204-22 ,서울특별시 광진구 광나루로44길 23 (구의동),05033,구립 동서울어린이집,2022-03-25 17:26:13,U,2022-03-27 02:40:00.0,어린이집,208013.358076657    ,448993.674896366    ,어린이집,,,,,상수도전용,,2,,,,,,,N,0,,,,,,,,,서울시광진구집단급식소인허가정보.csv
3040000,3040000-105-2004-00003,20040628,,01,영업/정상,01,영업,,,,,02 4537587,,143873,서울특별시 광진구 자양동 669-2,서울특별시 광진구 자양로3가길 26 (자양동),05106,구립자양2동어린이집,2022-04-13 16:24:27,U,2021-12-03 23:06:00.0,어린이집,207399.884620084,447404.291170362,,,,,,,,,,,,,,,,,,,,,,,,,서울시광진구집단급식소인허가정보.csv
3040000,3040000-105-2004-00004,20040630,,03,폐업,02,폐업,20081113,,,,02 4532527,,143872,서울특별시 광진구 자양동 645-11번지 ,,,보람몬테소리어린이집,2004-09-15 00:00:00,I,2018-08-31 23:59:59.0,집단급식소,,,집단급식소,,,,,,,,,,,,,,N,0,,,,,,,,,서울시광진구집단급식소인허가정보.csv
3040000,3040000-105-2004-00005,20040630,,01,영업/정상,01,영업,,,,,0234372381,5.52,143891,서울특별시 광진구 중곡동 134-25,서울특별시 광진구 용마산로3길 60 (중곡동),04925,구립 성심어린이집,2022-03-29 15:01:27,U,2021-12-02 21:01:00.0,어린이집,207439.841581861,450483.492058429,,,,,,,,,,,,,,,,,,,,,,,,,서울시광진구집단급식소인허가정보.csv
3040000,3040000-105-2004-00006,20040630,,03,폐업,02,폐업,20200203,,,,02 4634456,,143841,서울특별시 광진구 자양동 5-7번지 ,서울특별시 광진구 아차산로32길 17 (자양동),05073,자양4동어린이집,2020-02-03 17:22:37,U,2020-02-05 02:40:00.0,어린이집,205975.29046169     ,448541.197415277    ,어린이집,,,,,상수도전용,,,,,,,,,N,0,,,,,,,,,서울시광진구집단급식소인허가정보.csv
3040000,3040000-105-2004-00007,20040630,,03,폐업,02,폐업,20200117,,,,02 4982878,,143904,서울특별시 광진구 중곡동 258-17번지 ,서울특별시 광진구 능동로43길 27-14 (중곡동),04915,중곡1동어린이집,2020-01-17 11:00:36,U,2020-01-19 02:40:00.0,어린이집,206965.840795349    ,450963.528138461    ,어린이집,,,,,상수도전용,,,,,,,,,N,0,,,,,,,,,서울시광진구집단급식소인허가정보.csv
3040000,3040000-105-2004-00008,20040630,,01,영업/정상,01,영업,,,,,02 4469066,,143866,서울특별시 광진구 자양동 615-28,서울특별시 광진구 자양로13다길 31 (자양동),05063,구립 중앙어린이집,2022-04-13 16:20:38,U,2021-12-03 23:05:00.0,어린이집,206832.718704199,447860.166790025,,,,,,,,,,,,,,,,,,,,,,,,,서울시광진구집단급식소인허가정보.csv
3040000,3040000-105-2004-00009,20040702,,01,영업/정상,01,영업,,,,,02 4612440,230.60,143839,서울특별시 광진구 군자동 117-10 ,서울특별시 광진구 동일로56가길 31 (군자동),04999,구립 군자어린이집,2022-03-25 15:41:29,U,2022-03-27 02:40:00.0,어린이집,206353.651642536    ,450260.578892494    ,어린이집,0,0,,,상수도전용,0,0,0,0,0,,0,0,N,42.6,,,,,,,,,서울시광진구집단급식소인허가정보.csv
3040000,3040000-105-2004-00010,20040702,,01,영업/정상,01,영업,,,,,02 4699976,,143901,서울특별시 광진구 중곡동 191-36번지 ,서울특별시 광진구 긴고랑로7길 73 (중곡동),04906,솔로몬어린이집,2017-08-23 18:56:54,I,2018-08-31 23:59:59.0,어린이집,207057.870450108    ,451590.610328879    ,어린이집,,,,,상수도전용,,,,,,,,,N,0,,,,,,,,,서울시광진구집단급식소인허가정보.csv
3040000,3040000-105-2004-00011,20040702,,01,영업/정상,01,영업,,,,,0222019696,,143826,서울특별시 광진구 구의동 248-5 ,서울특별시 광진구 아차산로55길 59 (구의동),05040,구립 명성어린이집,2022-03-25 14:35:16,U,2022-03-27 02:40:00.0,어린이집,207561.160846218    ,448651.496205655    ,어린이집,,,,,상수도전용,,,,,,,,,N,0,,,,,,,,,서울시광진구집단급식소인허가정보.csv
3040000,3040000-105-2004-00012,20040714,,03,폐업,02,폐업,20220608,,,,02 4658688,,143841,서울특별시 광진구 자양동 6-13,서울특별시 광진구 아차산로30길 25-10 (자양동),05073,동성어린이집,2022-06-08 11:07:36,U,2021-12-05 23:00:00.0,어린이집,205913.564648988,448578.453311196,,,,,,,,,,,,,,,,,,,,,,,,,서울시광진구집단급식소인허가정보.csv
3040000,3040000-105-2005-00001,20050314,,01,영업/정상,01,영업,,,,,02 4461435,,143873,서울특별시 광진구 자양동 674-1번지 ,서울특별시 광진구 자양로3가길 31 (자양동),05104,광양고등학교,2017-08-23 18:56:54,I,2018-08-31 23:59:59.0,학교,207552.938186686    ,447459.000863516    ,학교,,,,,상수도전용,,0,,,,,,,N,0,,,,,,,,,서울시광진구집단급식소인허가정보.csv
3040000,3040000-105-2005-00002,20050401,,01,영업/정상,01,영업,,,,,02 4526921,,143873,서울특별시 광진구 자양동 674,서울특별시 광진구 자양로3길 7 (자양동),05104,광양중학교,2022-05-24 14:34:20,U,2021-12-04 22:06:00.0,학교,207536.512576179,447556.489354576,,,,,,,,,,,,,,,,,,,,,,,,,서울시광진구집단급식소인허가정보.csv
3040000,3040000-105-2005-00003,20050502,,01,영업/정상,01,영업,,,,,02 4549476,,143812,서울특별시 광진구 광장동 414-1번지 (구번지 산81-5) ,서울특별시 광진구 워커힐로 32 (광장동),04982,서울양진초등학교,2017-08-23 18:56:54,I,2018-08-31 23:59:59.0,학교,208612.684174075    ,449144.854792365    ,학교,,,,,상수도전용,,,,,,,,,N,0,,,,,,,,,서울시광진구집단급식소인허가정보.csv
3040000,3040000-105-2005-00004,20050519,,01,영업/정상,01,영업,,,,,02 4466435,,143817,서울특별시 광진구 구의동 36-20번지 ,서울특별시 광진구 자양로44길 91 (구의동),04959,구의2동어린이집,2017-08-23 18:56:54,I,2018-08-31 23:59:59.0,어린이집,208436.929246544    ,449774.000547924    ,어린이집,,,,,상수도전용,,,,,,,,,N,0,,,,,,,,,서울시광진구집단급식소인허가정보.csv
3040000,3040000-105-2005-00005,20050519,,01,영업/정상,01,영업,,,,,02 4657476,,143843,서울특별시 광진구 자양동 53-9,서울특별시 광진구 동일로4길 52 (자양동),05084,구립 은성어린이집,2022-04-13 16:14:13,U,2021-12-03 23:06:00.0,어린이집,205569.216016984,448159.921556413,,,,,,,,,,,,,,,,,,,,,,,,,서울시광진구집단급식소인허가정보.csv
3040000,3040000-105-2005-00006,20050523,,01,영업/정상,01,영업,,,,,02 4682336,,143916,서울특별시 광진구 화양동 32-3 ,서울특별시 광진구 능동로13길 108 (화양동),05012,구립 화송어린이집,2022-03-04 11:29:23,U,2022-03-10 02:40:00.0,어린이집,205944.234807759    ,449328.00012199     ,어린이집,0,0,,,상수도전용,0,0,0,0,0,,0,0,N,0,,,,,,,,,서울시광진구집단급식소인허가정보.csv
3040000,3040000-105-2005-00007,20050526,,01,영업/정상,01,영업,,,,,02 4520748,,143864,서울특별시 광진구 자양동 581-2번지 ,서울특별시 광진구 자양번영로 35 (자양동),05092,자양어린이집,2017-08-23 18:56:54,I,2018-08-31 23:59:59.0,어린이집,206579.792260243    ,447852.764413523    ,어린이집,,,,,상수도전용,,,,,,,,,N,24.2,,,,,,,,,서울시광진구집단급식소인허가정보.csv
3040000,3040000-105-2005-00008,20050526,,03,폐업,02,폐업,20180821,,,,02 4580670,,143849,서울특별시 광진구 능동 240-16번지 ,서울특별시 광진구 천호대로114길 47 (능동),04988,능동어린이집,2018-08-21 13:11:56,U,2018-12-06 02:40:00.0,어린이집,207171.434132378    ,450148.09969326     ,어린이집,,,,,상수도전용,,,,,,,,,N,0,,,,,,,,,서울시광진구집단급식소인허가정보.csv
3040000,3040000-105-2005-00009,20050526,,01,영업/정상,01,영업,,,,,0222011049,,143814,서울특별시 광진구 광장동 472-1 ,서울특별시 광진구 아차산로66길 8 (광장동),04974,구립 사랑의어린이집,2022-03-24 17:12:56,U,2022-03-26 02:40:00.0,어린이집,208514.823489953    ,448758.697037872    ,어린이집,,,,,상수도전용,,,,,,,,,N,0,,,,,,,,,서울시광진구집단급식소인허가정보.csv
3040000,3040000-105-2005-00010,20050526,,01,영업/정상,01,영업,,,,,02 4354900,,143909,서울특별시 광진구 중곡동 587-8번지 ,서울특별시 광진구 동일로 458 (중곡동),04901,중곡샛별어린이집,2017-05-18 10:35:16,I,2018-08-31 23:59:59.0,어린이집,207021.710062436    ,452076.333700858    ,어린이집,,,,,상수도전용,,,,,,,,,N,0,,,,,,,,,서울시광진구집단급식소인허가정보.csv
3040000,3040000-105-2005-00011,20050526,,01,영업/정상,01,영업,,,,,0220305942,,143130,서울특별시 광진구 화양동 4-12번지 ,19  지하2층 ,서울특별시 광진구 능동로 120-1 (화양동,,19  지하2층),05030,건국대학교병원,2017-08-23 18:56:54,I,2018-08-31 23:59:59.0,병원,206303.03222946     ,448689.878161826    ,병원,,,,,상수도전용,,,,,,,,,N,0,,,,,,서울시광진구집단급식소인허가정보.csv
3040000,3040000-105-2005-00012,20050620,,01,영업/정상,01,영업,,,,,0222010126,,143852,서울특별시 광진구 자양동 223-7번지 ,서울특별시 광진구 아차산로40길 9 (자양동),05054,광진어린이집,2017-08-23 18:56:54,I,2018-08-31 23:59:59.0,어린이집,206882.290660641    ,448331.243996181    ,어린이집,,,,,상수도전용,,,,,,,,,N,0,,,,,,,,,서울시광진구집단급식소인허가정보.csv
3040000,3040000-105-2005-00013,20050620,,03,폐업,02,폐업,20200925,,,,02 4677907,,143841,서울특별시 광진구 자양동 16-3 ,서울특별시 광진구 동일로20길 20 (자양동),05071,파랑어린이집,2020-09-25 17:18:33,U,2020-09-27 02:40:00.0,어린이집,205652.390296022    ,448764.406841364    ,어린이집,,,,,상수도전용,,,,,,,,,N,0,,,,,,,,,서울시광진구집단급식소인허가정보.csv
3040000,3040000-105-2005-00014,20050622,,03,폐업,02,폐업,20060713,,,,02 4565677,,143815,서울특별시 광진구 광장동 577번지 현대파크빌A 단지내 ,,,파크빌어린이집,2005-06-22 00:00:00,I,2018-08-31 23:59:59.0,집단급식소,208902.730986087    ,449103.205201495    ,집단급식소,,,,,,,,,,,,,,N,0,,,,,,,,,서울시광진구집단급식소인허가정보.csv
3040000,3040000-105-2005-00015,20050623,,01,영업/정상,01,영업,,,,,02 4579230,,143821,서울특별시 광진구 구의동 199-21 ,서울특별시 광진구 광나루로54길 36 (구의동),05117,구립 구의3동어린이집,2022-03-25 15:38:54,U,2022-03-27 02:40:00.0,어린이집,208336.447224852    ,448569.763276435    ,어린이집,,,,,상수도전용,,,,,,,,,N,0,,,,,,,,,서울시광진구집단급식소인허가정보.csv
3040000,3040000-105-2005-00016,20050623,,01,영업/정상,01,영업,,,,,02 4501650,,143853,서울특별시 광진구 자양동 777번지 ,서울특별시 광진구 자양로 117 (자양동),05026,광진구청직장어린이집,2017-08-23 18:56:54,I,2018-08-31 23:59:59.0,어린이집,207217.242723012    ,448466.072448888    ,어린이집,,,,,상수도전용,,,,,,,,,N,0,,,,,,,,,서울시광진구집단급식소인허가정보.csv
3040000,3040000-105-2005-00017,20050627,,03,폐업,02,폐업,20060510,,,,02 4543166,,143883,서울특별시 광진구 중곡동 18-19번지 ,,,진성어린이집,2005-06-27 00:00:00,I,2018-08-31 23:59:59.0,집단급식소,207574.965867886    ,451657.838120036    ,집단급식소,,,,,,,,,,,,,,N,0,,,,,,,,,서울시광진구집단급식소인허가정보.csv
3040000,3040000-105-2005-00018,20050628,,01,영업/정상,01,영업,,,,,0234377173,,143888,서울특별시 광진구 중곡동 92-31,서울특별시 광진구 자양로43길 115 (중곡동),04950,구립 대원어린이집,2022-03-29 10:13:45,U,2021-12-02 21:01:00.0,어린이집,207790.775038274,450372.931750448,,,,,,,,,,,,,,,,,,,,,,,,,서울시광진구집단급식소인허가정보.csv
3040000,3040000-105-2005-00019,20050628,,03,폐업,02,폐업,20220628,,,,02 4548548,,143831,서울특별시 광진구 구의동 590-3,서울특별시 광진구 구의강변로3길 31 (구의동),05049,좋은어린이집,2022-06-28 11:29:42,U,2021-12-05 21:00:00.0,어린이집,207914.759967783,448220.63219047,,,,,,,,,,,,,,,,,,,,,,,,,서울시광진구집단급식소인허가정보.csv
3040000,3040000-105-2005-00020,20050628,,03,폐업,02,폐업,20070327,,,,02 4320111,,143909,서울특별시 광진구 중곡동 579-1번지 동방프라자 2층 ,,,동방어린이집,2005-06-28 00:00:00,I,2018-08-31 23:59:59.0,집단급식소,207092.481119161    ,452070.118445356    ,집단급식소,,,,,,,,,,,,,,N,0,,,,,,,,,서울시광진구집단급식소인허가정보.csv
3040000,3040000-105-2005-00021,20050628,,03,폐업,02,폐업,20060403,,,,02 4673333,,143840,서울특별시 광진구 군자동 357-5번지 ,,,예지어린이집,2005-06-28 00:00:00,I,2018-08-31 23:59:59.0,집단급식소,206065.600255687    ,449648.077732665    ,집단급식소,,,,,,,,,,,,,,N,0,,,,,,,,,서울시광진구집단급식소인허가정보.csv
3040000,3040000-105-2005-00022,20050629,,03,폐업,02,폐업,20211220,,,,02 4679080,,143904,서울특별시 광진구 중곡동 257-4 ,서울특별시 광진구 긴고랑로10길 58 (중곡동),,바른선어린이집,2021-12-20 17:03:44,U,2021-12-22 02:40:00.0,어린이집,206911.437657401    ,450925.242821881    ,어린이집,0,0,,,상수도전용,0,0,0,0,0,,0,0,N,0,,,,,,,,,서울시광진구집단급식소인허가정보.csv
3040000,3040000-105-2005-00023,20050629,,01,영업/정상,01,영업,,,,,02 4550448,,143819,서울특별시 광진구 구의동 66-63 ,서울특별시 광진구 광나루로 527 (구의동),04977,대일어린이집,2021-12-15 15:06:01,U,2021-12-17 02:40:00.0,어린이집,207732.160858577    ,449213.548647057    ,어린이집,0,0,,,상수도전용,0,0,0,0,0,,0,0,N,0,,,,,,,,,서울시광진구집단급식소인허가정보.csv
3040000,3040000-105-2005-00024,20050629,,03,폐업,02,폐업,20070828,,,,02 4983062,,143840,서울특별시 광진구 군자동 359-5번지 ,,,하늘땅별땅어린이집,2005-06-29 00:00:00,I,2018-08-31 23:59:59.0,집단급식소,206136.350305355    ,449697.473539586    ,집단급식소,,,,,,,,,,,,,,N,0,,,,,,,,,서울시광진구집단급식소인허가정보.csv
3040000,3040000-105-2005-00025,20050629,,03,폐업,02,폐업,20220422,,,,02 4691956,,143916,서울특별시 광진구 화양동 33-32,서울특별시 광진구 동일로26길 47 (화양동),05015,민주어린이집,2022-04-22 09:20:20,U,2021-12-03 22:04:00.0,어린이집,205992.49922574,449173.632018384,,,,,,,,,,,,,,,,,,,,,,,,,서울시광진구집단급식소인허가정보.csv
3040000,3040000-105-2005-00026,20050629,,01,영업/정상,01,영업,,,,,0222012704,,143887,서울특별시 광진구 중곡동 69-24번지 ,서울특별시 광진구 긴고랑로 149-10 (중곡동),04944,중곡4동어린이집,2017-08-23 18:56:54,I,2018-08-31 23:59:59.0,어린이집,208046.523242227    ,450759.328617411    ,어린이집,,,,,상수도전용,,,,,,,,,N,0,,,,,,,,,서울시광진구집단급식소인허가정보.csv
3040000,3040000-105-2005-00027,20050630,,03,폐업,02,폐업,20120322,,,,02 4475344,,143887,서울특별시 광진구 중곡동 76-58번지 ,,,하은어린이집,2010-06-23 15:56:12,I,2018-08-31 23:59:59.0,집단급식소,207979.255730278    ,450704.774765501    ,집단급식소,,,,,상수도전용,,,,,,,,,N,0,,,,,,,,,서울시광진구집단급식소인허가정보.csv
3040000,3040000-105-2005-00028,20050630,,01,영업/정상,01,영업,,,,,0222010558,,143861,서울특별시 광진구 자양동 527번지 ,서울특별시 광진구 아차산로36길 55 (자양동),05067,효지어린이집,2017-08-23 18:56:54,I,2018-08-31 23:59:59.0,어린이집,206457.209399551    ,448207.597688977    ,어린이집,,,,,상수도전용,,,,,,,,,N,14.84,,,,,,,,,서울시광진구집단급식소인허가정보.csv
3040000,3040000-105-2005-00029,20050630,,03,폐업,02,폐업,20100506,,,,02 4555642,,143862,서울특별시 광진구 자양동 553-376번지 ,,,영재몬테소리어린이집,2008-08-07 17:48:07,I,2018-08-31 23:59:59.0,집단급식소,206011.728357801    ,447910.588323863    ,집단급식소,,,,,,,,,,,,,,N,0,,,,,,,,,서울시광진구집단급식소인허가정보.csv
3040000,3040000-105-2005-00030,20050630,,01,영업/정상,01,영업,,,,,02 4583372,,143858,서울특별시 광진구 자양동 482-5번지 ,서울특별시 광진구 능동로4길 88 (자양동),05095,으뜸어린이집,2017-08-23 18:56:54,I,2018-08-31 23:59:59.0,어린이집,206219.088675292    ,447628.572359078    ,어린이집,,,,,상수도전용,,,,,,,,,N,0,,,,,,,,,서울시광진구집단급식소인허가정보.csv
3040000,3040000-105-2005-00031,20050701,,03,폐업,02,폐업,20201013,,,,02 4469209,,143962,서울특별시 광진구 구의동 230-12 ,서울특별시 광진구 광나루로 534-1 (구의동),05032,현정유치원,2020-10-13 14:18:12,U,2020-10-15 02:40:00.0,어린이집,207787.930314661    ,449140.346022289    ,어린이집,,,,,상수도전용,,,,,,,,,N,0,,,,,,,,,서울시광진구집단급식소인허가정보.csv
3040000,3040000-105-2005-00032,20050701,,01,영업/정상,01,영업,,,,,02 4532814,,143824,서울특별시 광진구 구의동 240-25번지 ,서울특별시 광진구 광나루로40길 78 (구의동),05041,신나는어린이집,2017-08-23 18:56:54,I,2018-08-31 23:59:59.0,어린이집,207769.164169815    ,448791.14629108     ,어린이집,,,,,상수도전용,,,,,,,,,N,0,,,,,,,,,서울시광진구집단급식소인허가정보.csv
3040000,3040000-105-2005-00033,20050706,,01,영업/정상,01,영업,,,,,0222075292,,143909,서울특별시 광진구 중곡동 589-1번지 ,서울특별시 광진구 동일로 456 (중곡동),04901,예아랑어린이집,2017-08-23 18:56:54,I,2018-08-31 23:59:59.0,어린이집,207020.491081867    ,452061.966113166    ,어린이집,,,,,상수도전용,,,,,,,,,N,0,,,,,,,,,서울시광진구집단급식소인허가정보.csv
3040000,3040000-105-2005-00034,20050725,,01,영업/정상,01,영업,,,,,02 4634242,,143901,서울특별시 광진구 중곡동 191-60번지 ,서울특별시 광진구 긴고랑로7길 69 (중곡동),04907,미예뜰어린이집,2017-08-23 18:56:54,I,2018-08-31 23:59:59.0,어린이집,207046.238049442    ,451563.740752041    ,어린이집,,,,,상수도전용,,,,,,,,,N,0,,,,,,,,,서울시광진구집단급식소인허가정보.csv
3040000,3040000-105-2005-00035,20051020,,03,폐업,02,폐업,20120326,,,,02 4550881,,143874,서울특별시 광진구 자양동 680-81번지 ,,,우정사업정보센터꿈나무어린이집,2010-06-23 15:18:32,I,2018-08-31 23:59:59.0,집단급식소,207617.766676385    ,447999.288389849    ,집단급식소,,,,,,,0,,,,자가,0,0,N,0,,,,,,,,,서울시광진구집단급식소인허가정보.csv
3040000,3040000-105-2006-00001,20060119,,01,영업/정상,01,영업,,,,,02 4460581,,143817,서울특별시 광진구 구의동 31-18번지 (3층) ,서울특별시 광진구 자양로 296 (구의동,(3층)),04956,슬기유치원,2017-08-23 18:56:54,I,2018-08-31 23:59:59.0,어린이집,208113.85600189     ,449981.520813444    ,어린이집,,,,,상수도전용,,0,,,,,,,N,0,,,,,,,,서울시광진구집단급식소인허가정보.csv
3040000,3040000-105-2006-00002,20060221,,01,영업/정상,01,영업,,,,,0222041634,,143907,서울특별시 광진구 중곡동 176-124번지 (구번지 산3-18) ,서울특별시 광진구 용마산로22길 26 (중곡동),04939,대원여자고등학교,2018-03-05 14:38:11,I,2018-08-31 23:59:59.0,학교,207945.402571551    ,451251.231293361    ,학교,,,,,상수도전용,,0,,,,자가,0,0,N,0,,,,,,,,,서울시광진구집단급식소인허가정보.csv
3040000,3040000-105-2006-00003,20060308,,01,영업/정상,01,영업,,,,,02 4503970,,143914,서울특별시 광진구 화양동 1번지 도서관 지하1층 (구번지393-1) ,서울특별시 광진구 능동로 120, 지하1층 (화양동, 도서관 ),05029,건국대학교 도서관,2017-08-23 18:56:54,I,2018-08-31 23:59:59.0,학교,206445.881091692    ,448922.881688102    ,학교,,,,,상수도전용,,0,,,,자가,0,0,N,110,,,,,,,서울시광진구집단급식소인허가정보.csv
3040000,3040000-105-2006-00004,20060308,,03,폐업,02,폐업,20071023,,,,02 4503125,,143914,서울특별시 광진구 화양동 1-0번지 새천년관 지하1층 ,,,건국대학교 새천년관,2006-09-13 00:00:00,I,2018-08-31 23:59:59.0,집단급식소,206445.881091692    ,448922.881688102    ,집단급식소,,,,,상수도전용,,0,,,,자가,0,0,N,310,,,,,,,,,서울시광진구집단급식소인허가정보.csv
3040000,3040000-105-2006-00005,20060308,,01,영업/정상,01,영업,,,,,02 4503974,,143914,서울특별시 광진구 화양동 1번지 학생회관 1층 (구번지 393-1) ,서울특별시 광진구 능동로 120 (화양동, 학생회관 1층),05029,건국대학교 학생회관,2017-08-23 18:56:54,I,2018-08-31 23:59:59.0,학교,206445.881091692    ,448922.881688102    ,학교,,,,,상수도전용,,0,,,,자가,0,0,N,249.4,,,,,,,,서울시광진구집단급식소인허가정보.csv
3040000,3040000-105-2006-00006,20060328,,01,영업/정상,01,영업,,,,,0220491205,,143812,서울특별시 광진구 광장동 414-1번지 (구번지 산81-5) ,서울특별시 광진구 워커힐로 32 (광장동),04982,양진중학교,2017-08-23 18:56:54,I,2018-08-31 23:59:59.0,학교,208612.684174075    ,449144.854792365    ,학교,,,,,상수도전용,,0,,,,자가,0,0,N,227.67,,,,,,,,,서울시광진구집단급식소인허가정보.csv
3040000,3040000-105-2006-00007,20060515,,01,영업/정상,01,영업,,,,,0234363488,,143887,서울특별시 광진구 중곡동 77-15번지 ,서울특별시 광진구 긴고랑로36길 15 (중곡동),04945,푸르내어린이집,2017-08-23 18:56:54,I,2018-08-31 23:59:59.0,어린이집,207840.424407887    ,450680.707141699    ,어린이집,,,,,상수도전용,,0,,,,자가,0,0,N,3.4,,,,,,,,,서울시광진구집단급식소인허가정보.csv
3040000,3040000-105-2006-00008,20060525,,01,영업/정상,01,영업,,,,,02 4645984,,143901,서울특별시 광진구 중곡동 175-98번지 ,서울특별시 광진구 동일로80길 30 (중곡동),04902,상명어린이집,2017-08-23 18:56:54,I,2018-08-31 23:59:59.0,어린이집,207123.146449703    ,451964.526434627    ,어린이집,,,,,상수도전용,,0,,,,,,,N,16,,,,,,,,,서울시광진구집단급식소인허가정보.csv
3040000,3040000-105-2006-00009,2006-09-01,,01,영업/정상,01,영업,,,,,0220246017,,143-914,서울특별시 광진구 화양동 1 신기숙사 B동,서울특별시 광진구 능동로 120 (화양동, 신기숙사 B동),05029,건국대 신기숙사,2023-02-08 13:42:23,U,2022-12-01 23:00:00.0,기숙사,206445.881091692,448922.881688102,,,,,,,,,,,,,,,,,,,,,,,,서울시광진구집단급식소인허가정보.csv
3040000,3040000-105-2006-00010,20061030,,01,영업/정상,01,영업,,,,,02 4530671,,143832,서울특별시 광진구 구의동 631-1번지 ,서울특별시 광진구 광나루로56길 5 (구의동),05119,프라임유치원,2017-08-23 18:56:54,I,2018-08-31 23:59:59.0,어린이집,208558.286631653    ,448353.905156369    ,어린이집,,,,,상수도전용,,0,,,,자가,0,0,N,35.94,,,,,,,,,서울시광진구집단급식소인허가정보.csv
3040000,3040000-105-2006-00011,20061031,,01,영업/정상,01,영업,,,,,02 4556774,,143814,서울특별시 광진구 광장동 484번지 ,서울특별시 광진구 아차산로70길 40 (광장동),04974,광남유치원,2017-08-23 18:56:54,I,2018-08-31 23:59:59.0,어린이집,208644.819209521    ,448711.725750126    ,어린이집,,,,,상수도전용,,0,,,,자가,0,0,N,8.58,,,,,,,,,서울시광진구집단급식소인허가정보.csv
3040000,3040000-105-2006-00012,20061108,,01,영업/정상,01,영업,,,,,0234363115,,143706,서울특별시 광진구 구의동 547-0번지 현대하이엘빌딩 지하1층 ,서울특별시 광진구 강변역로4길 34 (구의동,현대하이엘빌딩 지하1층),05116,주식회사 경기고속,2017-08-23 18:56:54,I,2018-08-31 23:59:59.0,산업체,208080.912100162    ,447993.12681343     ,산업체,,,,,상수도전용,,0,,,,자가,0,0,N,94.38,,,,,,,,서울시광진구집단급식소인허가정보.csv
3040000,3040000-105-2006-00013,2006-11-29,,03,폐업,02,폐업,2023-03-03,,,,02 4567770,10.50,143-821,서울특별시 광진구 구의동 208-6,서울특별시 광진구 아차산로65길 65 (구의동),05036,샬롬유치원,2023-03-03 14:30:58,U,2022-12-03 00:05:00.0,어린이집,208036.277698065,448915.314950922,,,,,,,,,,,,,,,,,,,,,,,,,서울시광진구집단급식소인허가정보.csv
3040000,3040000-105-2007-00001,20070102,,03,폐업,02,폐업,20161013,,,,0234368431,,143833,서울특별시 광진구 구의동 612-1번지 ,서울특별시 광진구 자양로37길 43 (구의동),04993,유학생기숙사,2013-11-14 09:34:03,I,2018-08-31 23:59:59.0,집단급식소,207525.83203353     ,449616.439971594    ,집단급식소,,,,,상수도전용,,0,,,,자가,0,0,N,93.96,,,,,,,,,서울시광진구집단급식소인허가정보.csv
3040000,3040000-105-2007-00002,20070125,,01,영업/정상,01,영업,,,,,0220241196,362.01,143758,서울특별시 광진구 자양동 227-7 지하1층 ,서울특별시 광진구 아차산로 272, 지하1층 (자양동),05065,(주)이마트 자양점,2020-10-21 14:03:04,U,2020-10-23 02:40:00.0,산업체,206349.675048285    ,448396.939704285    ,산업체,,,,,상수도전용,,0,,,,자가,0,0,N,137.94,,,,,,,,서울시광진구집단급식소인허가정보.csv
3040000,3040000-105-2007-00003,20070206,,03,폐업,02,폐업,20170609,,,,02 4632311,,143916,서울특별시 광진구 화양동 21-20번지 ,서울특별시 광진구 동일로30길 9 (화양동),,최차혜병원,2017-06-09 10:36:00,I,2018-08-31 23:59:59.0,집단급식소,205926.271282258    ,449507.22510766     ,집단급식소,,,,,상수도전용,,0,,,,자가,0,0,N,0,,,,,,,,,서울시광진구집단급식소인허가정보.csv
3040000,3040000-105-2007-00004,20070209,,03,폐업,02,폐업,20150313,,,,02 4475452,,143811,서울특별시 광진구 광장동 388-8번지 ,서울특별시 광진구 광장로1가길 13-10 (광장동),04966,(사)나섬공동체,2013-11-12 10:30:17,I,2018-08-31 23:59:59.0,집단급식소,208868.551695862    ,449433.112887174    ,집단급식소,,,,,상수도전용,,0,,,,자가,0,0,N,22,,,,,,,,,서울시광진구집단급식소인허가정보.csv
3040000,3040000-105-2007-00005,20070423,,03,폐업,02,폐업,20170404,,,,02 4577740,,143898,서울특별시 광진구 중곡동 24-3번지 1층 ,서울특별시 광진구 용마산로 107 (중곡동,1층),04935,금빛유치원,2017-04-04 14:00:12,I,2018-08-31 23:59:59.0,집단급식소,207591.234503587    ,451215.353635341    ,집단급식소,,,,,상수도전용,,0,,,,자가,0,0,N,6.88,,,,,,,,서울시광진구집단급식소인허가정보.csv
3040000,3040000-105-2007-00006,20070705,,01,영업/정상,01,영업,,,,,0234368888,,143200,서울특별시 광진구 구의동 80-25번지 ,서울특별시 광진구 자양로 215 (구의동),04993,제니스병원,2017-08-23 18:56:54,I,2018-08-31 23:59:59.0,병원,207569.609746903    ,449364.569115862    ,병원,,,,,상수도전용,,0,,,,,0,0,N,29.14,,,,,,,,,서울시광진구집단급식소인허가정보.csv
3040000,3040000-105-2007-00007,20070709,,01,영업/정상,01,영업,,,,,02 4666193,,143150,서울특별시 광진구 군자동 127-17번지 ,서울특별시 광진구 동일로 256-1 (군자동),05001,선양유치원,2017-08-23 18:56:54,I,2018-08-31 23:59:59.0,어린이집,206227.344551813    ,450210.361875057    ,어린이집,,,,,상수도전용,,0,,,,,0,0,N,512.66,,,,,,,,,서울시광진구집단급식소인허가정보.csv
3040000,3040000-105-2007-00008,20071016,,01,영업/정상,01,영업,,,,,02 4539712,,143804,서울특별시 광진구 광장동 218-1번지 ,서울특별시 광진구 아차산로 552 (광장동),04971,보성유치원,2017-08-23 18:56:54,I,2018-08-31 23:59:59.0,어린이집,209138.04726487     ,448993.925426656    ,어린이집,,,,,상수도전용,,,,,,,,,N,22.8,,,,,,,,,서울시광진구집단급식소인허가정보.csv
3040000,3040000-105-2007-00009,20071023,,03,폐업,02,폐업,20100503,,,,02 4443392,,143826,서울특별시 광진구 구의동 251-32번지 ,,,위즈아일랜드,2008-04-10 15:40:54,I,2018-08-31 23:59:59.0,집단급식소,207315.838960169    ,448670.852957804    ,집단급식소,,,,,상수도전용,,,,,,,,,N,7.48,,,,,,,,,서울시광진구집단급식소인허가정보.csv
3040000,3040000-105-2008-00001,20080121,,01,영업/정상,01,영업,,,,,,,143867,서울특별시 광진구 자양동 658-1번지 성산유치원 ,서울특별시 광진구 뚝섬로59길 18 (자양동,성산유치원),05056,성산유치원,2017-08-23 18:56:54,I,2018-08-31 23:59:59.0,어린이집,207367.303562991    ,447853.216120424    ,어린이집,,,,,상수도전용,,,,,,,,,N,0,,,,,,,,서울시광진구집단급식소인허가정보.csv
3040000,3040000-105-2008-00002,20080303,,01,영업/정상,01,영업,,,,,02 4666242,151.80,143840,서울특별시 광진구 군자동 364-15 지상2층,서울특별시 광진구 군자로 88, 지상2층 (군자동),05004,광진노인종합복지관,2022-07-19 17:32:11,U,2021-12-06 22:01:00.0,사회복지시설,206249.971158453,449875.503275908,,,,,,,,,,,,,,,,,,,,,,,,서울시광진구집단급식소인허가정보.csv
3040000,3040000-105-2008-00003,20080416,,03,폐업,02,폐업,20121127,,,,4466478,,143888,서울특별시 광진구 중곡동 82-1번지 동산유치원 ,서울특별시 광진구 영화사로 18 (중곡동,동산유치원),04949,동산유치원,2008-04-16 11:00:34,I,2018-08-31 23:59:59.0,집단급식소,207817.113070386    ,450586.162250537    ,집단급식소,,,,,,,0,,,,,0,0,N,0,,,,,,,,서울시광진구집단급식소인허가정보.csv
3040000,3040000-105-2008-00004,20080604,,03,폐업,02,폐업,20140424,,,,0220495693,,143200,서울특별시 광진구 구의동 546-1번지 ,서울특별시 광진구 강변역로 50 (구의동),05116,한국종합기술 직원식당점,2013-11-14 10:32:18,I,2018-08-31 23:59:59.0,집단급식소,208201.993320839    ,447967.299542306    ,집단급식소,,,,,상수도전용,,,,,,,,,N,77.72,,,,,,,,,서울시광진구집단급식소인허가정보.csv
3040000,3040000-105-2008-00005,20080722,,03,폐업,02,폐업,20140429,,,,02453 7938,,143893,서울특별시 광진구 중곡동 147-35번지 ,서울특별시 광진구 용마산로12길 5 (중곡동),04942,해피용마어린이집,2013-11-14 10:35:33,I,2018-08-31 23:59:59.0,집단급식소,207689.349087255    ,450968.454625153    ,집단급식소,,,,,상수도전용,,,,,,,,,N,39.75,,,,,,,,,서울시광진구집단급식소인허가정보.csv
3040000,3040000-105-2008-00006,20080811,,03,폐업,02,폐업,20081203,,,,02 4478095,,143866,서울특별시 광진구 자양동 609-1번지 ,,,선린어린이집,2008-10-31 15:21:02,I,2018-08-31 23:59:59.0,집단급식소,206734.123031989    ,447910.605003141    ,집단급식소,,,,,,,,,,,,,,N,12.6,,,,,,,,,서울시광진구집단급식소인허가정보.csv
3040000,3040000-105-2008-00007,20080924,,01,영업/정상,01,영업,,,,,02  22045819,62.00,143849,서울특별시 광진구 능동 255-15 (지하1층),서울특별시 광진구 천호대로 636 (능동,(지하1층)),04987,주식회사 케이티에스씨(KTSC),2022-09-20 15:30:20,U,2021-12-08 22:02:00.0,산업체,207665.483573426,450124.814211294,,,,,,,,,,,,,,,,,,,,,,,,서울시광진구집단급식소인허가정보.csv
3040000,3040000-105-2008-00008,20081028,,01,영업/정상,01,영업,,,,,02  22182992,485.80,143758,서울특별시 광진구 자양동 227-342,서울특별시 광진구 능동로 92, 지하3층 (자양동),05065,롯데쇼핑(주),2022-04-26 15:53:58,U,2021-12-03 22:08:00.0,산업체,206217.434726027,448506.218743834,,,,,,,,,,,,,,,,,,,,,,,,서울시광진구집단급식소인허가정보.csv
3040000,3040000-105-2008-00009,20081117,,01,영업/정상,01,영업,,,,,02  456 1799,,143853,서울특별시 광진구 자양동 225-85번지 ,서울특별시 광진구 아차산로41길 22-5 (자양동),05028,자양하나유치원,2017-08-23 18:56:54,I,2018-08-31 23:59:59.0,어린이집,206876.764261006    ,448509.798091268    ,어린이집,,,,,상수도전용,,,,,,,,,N,7.92,,,,,,,,,서울시광진구집단급식소인허가정보.csv
3040000,3040000-105-2008-00010,20081124,,03,폐업,02,폐업,20200831,,,,02 4343625,183.40,143220,서울특별시 광진구 중곡동 608-6 ,서울특별시 광진구 용마산로 185 (중곡동),04903,미파유치원,2020-08-31 11:26:57,U,2020-09-02 02:40:00.0,어린이집,207517.618498083    ,451997.353712811    ,어린이집,,,,,상수도전용,,,,,,,,,N,10.4,,,,,,,,,서울시광진구집단급식소인허가정보.csv
3040000,3040000-105-2008-00011,20081125,,01,영업/정상,01,영업,,,,,02 4469777,,143816,서울특별시 광진구 구의동 16-10번지 ,서울특별시 광진구 영화사로 89 (구의동),04948,경원유치원,2017-08-23 18:56:54,I,2018-08-31 23:59:59.0,어린이집,208424.134505094    ,450294.375800755    ,어린이집,,,,,상수도전용,,,,,,,,,N,28.33,,,,,,,,,서울시광진구집단급식소인허가정보.csv
3040000,3040000-105-2008-00012,20081201,,01,영업/정상,01,영업,,,,,02 4555016,,143806,서울특별시 광진구 광장동 272-2번지 ,서울특별시 광진구 광장로7길 17 (광장동),04967,광장유치원,2017-08-23 18:56:54,I,2018-08-31 23:59:59.0,어린이집,209228.580537746    ,449581.200892436    ,어린이집,,,,,상수도전용,,,,,,,,,N,60.98,,,,,,,,,서울시광진구집단급식소인허가정보.csv
3040000,3040000-105-2008-00013,20081219,,03,폐업,02,폐업,20170330,,,,02  444 0759,,143823,서울특별시 광진구 구의동 221-68번지 ,서울특별시 광진구 자양로26길 92-10 (구의동),05041,또래어린이집,2017-03-30 13:54:49,I,2018-08-31 23:59:59.0,집단급식소,207771.08571557     ,448642.70804873     ,집단급식소,,,,,상수도전용,,0,,,,,0,0,N,24.42,,,,,,,,,서울시광진구집단급식소인허가정보.csv
3040000,3040000-105-2009-00001,2009-01-23,,01,영업/정상,01,영업,,,,,02  453 5210,14.00,143-888,서울특별시 광진구 중곡동 87-40,서울특별시 광진구 영화사로5길 15 (중곡동),04946,키즈용맹어린이집,2023-05-24 15:49:49,U,2022-12-04 22:06:00.0,어린이집,208040.118594465,450524.036771857,,,,,,,,,,,,,,,,,,,,,,,,,서울시광진구집단급식소인허가정보.csv
3040000,3040000-105-2009-00002,20090128,,03,폐업,02,폐업,20180607,,,,02  497 3569,,143846,서울특별시 광진구 자양동 197-6번지 ,서울특별시 광진구 동일로4가길 2 (자양동),05082,아이세계어린이집,2018-06-07 10:59:30,I,2018-08-31 23:59:59.0,어린이집,205427.737448042    ,448208.117680341    ,어린이집,,,,,상수도전용,,,,,,,,,N,12.9,,,,,,,,,서울시광진구집단급식소인허가정보.csv
3040000,3040000-105-2009-00003,20090209,,01,영업/정상,01,영업,,,,,02  454 3166,,143883,서울특별시 광진구 중곡동 18-19번지 ,서울특별시 광진구 용마산로 152 (중곡동),04940,진성어린이집,2017-08-23 18:56:54,I,2018-08-31 23:59:59.0,어린이집,207574.965867886    ,451657.838120036    ,어린이집,,,,,상수도전용,,0,,,,,0,0,N,56.16,,,,,,,,,서울시광진구집단급식소인허가정보.csv
3040000,3040000-105-2009-00004,20090326,,03,폐업,02,폐업,20220429,,,,0234363866,.00,143873,서울특별시 광진구 자양동 663-8,서울특별시 광진구 뚝섬로58가길 26-4 (자양동),05102,지안어린이집,2022-04-29 11:18:16,U,2021-12-05 00:03:00.0,어린이집,207294.896435498,447588.791847029,,,,,,,,,,,,,,,,,,,,,,,,,서울시광진구집단급식소인허가정보.csv
3040000,3040000-105-2009-00005,20090422,,03,폐업,02,폐업,20190218,,,,0234363115,281.00,143853,서울특별시 광진구 자양동 769-7번지 K&S빌딩 지하1층 ,서울특별시 광진구 자양로 131 (자양동,K&S빌딩 지하1층),05026,(주)경기고속,2019-02-18 14:13:11,U,2019-02-20 02:40:00.0,산업체,207252.097980647    ,448588.146822062    ,산업체,,,,,상수도전용,,1,,,,,,,N,41.53,,,,,,,,서울시광진구집단급식소인허가정보.csv
3040000,3040000-105-2009-00006,20090708,,03,폐업,02,폐업,20210701,,,,02 4478095,,143866,서울특별시 광진구 자양동 609-1 ,서울특별시 광진구 뚝섬로43길 14 (자양동),05063,선린어린이집,2021-07-01 17:39:12,U,2021-07-03 02:40:00.0,어린이집,206734.123031989    ,447910.605003141    ,어린이집,,,,,상수도전용,,,,,,,,,N,0,,,,,,,,,서울시광진구집단급식소인허가정보.csv
3040000,3040000-105-2009-00007,20090916,,01,영업/정상,01,영업,,,,,02 4585981,,143757,서울특별시 광진구 광장동 566번지 청구아파트 단지내 ,서울특별시 광진구 아차산로 503-23 (광장동, 청구아파트 단지내),04984,청구이화유치원,2017-08-23 18:56:54,I,2018-08-31 23:59:59.0,어린이집,208440.29098555     ,448916.291657914    ,어린이집,,,,,상수도전용,,,,,,,,,N,12.5,,,,,,,,서울시광진구집단급식소인허가정보.csv
3040000,3040000-105-2009-00008,20091110,,03,폐업,02,폐업,20210302,,,,02 4673333,.00,143840,서울특별시 광진구 군자동 357-5 ,서울특별시 광진구 광나루로15길 17 (군자동),05003,예지어린이집,2021-03-02 11:30:40,U,2021-03-04 02:40:00.0,어린이집,206065.600255687    ,449648.077732665    ,어린이집,,,,,상수도전용,,0,,,,,0,0,N,0,,,,,,,,,서울시광진구집단급식소인허가정보.csv
3040000,3040000-105-2009-00009,20091216,,03,폐업,02,폐업,20200902,,,,02 4587005,10.40,143891,서울특별시 광진구 중곡동 134-26 ,서울특별시 광진구 천호대로117길 51 (중곡동),04925,한울어린이집,2020-09-02 11:37:42,U,2020-09-04 02:40:00.0,어린이집,207455.053784891    ,450552.270683107    ,어린이집,,,,,상수도전용,,0,,,,,0,0,N,10.4,,,,,,,,,서울시광진구집단급식소인허가정보.csv
3040000,3040000-105-2009-00010,20091223,,01,영업/정상,01,영업,,,,,02  22040164,,143884,서울특별시 광진구 중곡동 30-1번지 지층 ,서울특별시 광진구 용마산로 127, 지층 (중곡동),04933,국립정신건강센터(직원식당),2017-08-23 18:56:54,I,2018-08-31 23:59:59.0,병원,207510.076791915    ,451417.864438667    ,병원,,,,,상수도전용,,,,,,,,,N,98,,,,,,,,서울시광진구집단급식소인허가정보.csv
3040000,3040000-105-2010-00001,20100218,,03,폐업,02,폐업,20180430,,,,0220246111,,143914,서울특별시 광진구 화양동 1번지 ,서울특별시 광진구 능동로 120 (화양동),05029,쿨하우스연수원,2018-04-30 17:10:27,I,2018-08-31 23:59:59.0,산업체,206445.881091692    ,448922.881688102    ,산업체,,,,,상수도전용,,7,,,,,0,0,N,0,,,,,,,,,서울시광진구집단급식소인허가정보.csv
3040000,3040000-105-2010-00002,20100409,,01,영업/정상,01,영업,,,,,0222019901,,143809,서울특별시 광진구 광장동 333번지 ,서울특별시 광진구 아차산로 623 (광장동),04967,더노엠워커힐 어학학원,2017-08-23 18:56:54,I,2018-08-31 23:59:59.0,산업체,209367.789273811    ,449586.602083537    ,산업체,,,,,상수도전용,,0,,,,,0,0,N,9.9,,,,,,,,,서울시광진구집단급식소인허가정보.csv
3040000,3040000-105-2010-00003,20100420,,03,폐업,02,폐업,20220531,,,,02 463 0942,6.51,143844,서울특별시 광진구 자양동 57-53,서울특별시 광진구 능동로3마길 1 (자양동),05084,해든어린이집,2022-05-31 10:33:30,U,2021-12-06 00:04:00.0,어린이집,205607.846913277,448010.82553349,,,,,,,,,,,,,,,,,,,,,,,,,서울시광진구집단급식소인허가정보.csv
3040000,3040000-105-2010-00004,20100520,,03,폐업,02,폐업,20121116,,,,02 4443392,,143826,서울특별시 광진구 구의동 251-32번지 청양빌딩 2층 ,서울특별시 광진구 자양로 142 (구의동,청양빌딩 2층),05039,광진위즈아일랜드어학학원,2012-11-29 13:38:45,I,2018-08-31 23:59:59.0,집단급식소,207315.838960169    ,448670.852957804    ,집단급식소,,,,,,,,,,,,,,N,0,,,,,,,,서울시광진구집단급식소인허가정보.csv
3040000,3040000-105-2010-00005,2010-07-28,,01,영업/정상,01,영업,,,,,0222046017,18.00,143-847,서울특별시 광진구 능동 18-11,서울특별시 광진구 광나루로 441 (능동),04991,어린이회관유치원,2023-05-23 13:15:48,U,2022-12-04 22:05:00.0,어린이집,206808.576422948,449396.05799662,,,,,,,,,,,,,,,,,,,,,,,,,서울시광진구집단급식소인허가정보.csv
3040000,3040000-105-2010-00006,20100818,,01,영업/정상,01,영업,,,,,0222185518,,143758,서울특별시 광진구 자양동 227-342번지 더클래식500 (지하3층) ,서울특별시 광진구 능동로 90 (자양동, 더클래식500 (지하3층)),05065,더클래식 500,2017-08-23 18:56:54,I,2018-08-31 23:59:59.0,산업체,206217.434726027    ,448506.218743834    ,산업체,,,,,상수도전용,,0,,,,,0,0,N,0,,,,,,,,서울시광진구집단급식소인허가정보.csv
3040000,3040000-105-2010-00007,20101007,,01,영업/정상,01,영업,,,,,02 4667773,,143842,서울특별시 광진구 자양동 843-11번지 ,서울특별시 광진구 뚝섬로23길 27 (자양동),05078,정신유치원,2017-08-23 18:56:54,I,2018-08-31 23:59:59.0,어린이집,205642.888115746    ,448338.136856343    ,어린이집,,,,,상수도전용,,0,,,,,0,0,N,0,,,,,,,,,서울시광진구집단급식소인허가정보.csv
3040000,3040000-105-2010-00008,20101124,,03,폐업,02,폐업,20220906,,,,02 4662329,.00,143837,서울특별시 광진구 군자동 49-17,서울특별시 광진구 면목로 12 (군자동),04996,세종어린이집,2022-09-06 15:04:52,U,2021-12-09 00:08:00.0,어린이집,206619.115791211,450332.401386036,,,,,,,,,,,,,,,,,,,,,,,,,서울시광진구집단급식소인허가정보.csv
3040000,3040000-105-2011-00001,20110104,,01,영업/정상,01,영업,,,,,02 4997758,,143900,서울특별시 광진구 중곡동 220-58번지 ,서울특별시 광진구 능동로51길 17 (중곡동),04908,늘평화어린이집,2017-08-23 18:56:54,I,2018-08-31 23:59:59.0,어린이집,207275.663521612    ,451523.067854345    ,어린이집,,,,,상수도전용,,0,,,,,0,0,N,0,,,,,,,,,서울시광진구집단급식소인허가정보.csv
3040000,3040000-105-2011-00002,20110207,,03,폐업,02,폐업,20170427,,,,02 4479630,,143821,서울특별시 광진구 구의동 199-15번지 2층 ,서울특별시 광진구 아차산로 478 (구의동,2층),05117,베베궁킨더광진어학원,2017-04-27 10:35:21,I,2018-08-31 23:59:59.0,집단급식소,208327.712188868    ,448677.176652939    ,집단급식소,,,,,상수도전용,,0,,,,,0,0,N,10.35,,,,,,,,서울시광진구집단급식소인허가정보.csv
3040000,3040000-105-2011-00003,2011-06-07,,03,폐업,02,폐업,2023-04-26,,,,02 4989903,0.00,143-901,서울특별시 광진구 중곡동 191-79,서울특별시 광진구 긴고랑로7길 65 (중곡동),04907,아이조아유치원,2023-04-26 10:16:58,U,2022-12-03 22:08:00.0,어린이집,207040.514604653,451550.830682034,,,,,,,,,,,,,,,,,,,,,,,,,서울시광진구집단급식소인허가정보.csv
3040000,3040000-105-2011-00004,20110713,,03,폐업,02,폐업,20180314,,,,,,143839,서울특별시 광진구 군자동 98번지 (15층) ,서울특별시 광진구 능동로 209, 15층 (군자동),05006,세종대학교 광개토관,2018-03-14 11:27:57,I,2018-08-31 23:59:59.0,학교,206479.980833988    ,449827.630945538    ,학교,,,,,상수도전용,,0,,,,,0,0,N,553.05,,,,,,,,서울시광진구집단급식소인허가정보.csv
3040000,3040000-105-2011-00005,20110811,,01,영업/정상,01,영업,,,,,0222017091,,143833,서울특별시 광진구 구의동 619-30번지 (지하) ,서울특별시 광진구 자양로35길 13 (구의동,(지하)),04993,한국켄트외국인학교,2017-08-23 18:56:54,I,2018-08-31 23:59:59.0,학교,207554.538567328    ,449437.400589017    ,학교,,,,,상수도전용,,6,,,,,0,0,N,0,,,,,,,,서울시광진구집단급식소인허가정보.csv
3040000,3040000-105-2011-00006,20111018,,03,폐업,02,폐업,20170609,,,,02 4461819,,143758,서울특별시 광진구 자양동 227-2번지 ,서울특별시 광진구 아차산로 304 (자양동),05066,호산나어린이집,2017-06-09 10:35:10,I,2018-08-31 23:59:59.0,집단급식소,206698.369101656    ,448401.365538804    ,집단급식소,,,,,상수도전용,,0,,,,,0,0,N,19.25,,,,,,,,,서울시광진구집단급식소인허가정보.csv
3040000,3040000-105-2011-00007,20111109,,01,영업/정상,01,영업,,,,,02 4468924,,143816,서울특별시 광진구 구의동 16-3번지 ,서울특별시 광진구 워커힐로 93 (구의동),04958,워커힐실버타운,2017-08-23 18:56:54,I,2018-08-31 23:59:59.0,사회복지시설,208558.349405792    ,449841.665708031    ,사회복지시설,,,,,,,0,,,,,0,0,N,0,,,,,,,,,서울시광진구집단급식소인허가정보.csv
3040000,3040000-105-2011-00008,2011-12-30,,01,영업/정상,01,영업,,,,,02 4699307,0.00,143-849,서울특별시 광진구 능동 255-2,서울특별시 광진구 천호대로 630 (능동),04987,바른본병원,2023-05-19 17:32:18,U,2022-12-04 22:01:00.0,병원,207625.005710016,450175.247405254,,,,,,,,,,,,,,,,,,,,,,,,,서울시광진구집단급식소인허가정보.csv
3040000,3040000-105-2012-00001,20120131,,03,폐업,02,폐업,20180316,,,,02 4570115,,143926,서울특별시 광진구 화양동 307번지 ,서울특별시 광진구 광나루로30길 46 (화양동),05022,동아자동차운전전문학원,2018-03-16 14:05:08,I,2018-08-31 23:59:59.0,산업체,207027.90523073     ,449017.182232155    ,산업체,,,,,상수도전용,,0,,,,,0,0,N,0,,,,,,,,,서울시광진구집단급식소인허가정보.csv
3040000,3040000-105-2012-00002,20120426,,03,폐업,02,폐업,20131011,,,,,,143802,서울특별시 광진구 광장동 148-11번지 ,서울특별시 광진구 아차산로 634, 6층 (광장동),04969,가족사랑대자연요양센터,2012-07-13 11:05:14,I,2018-08-31 23:59:59.0,집단급식소,209506.54940258     ,449634.030106178    ,집단급식소,,,,,,,0,,,,,0,0,N,21,,,,,,,,서울시광진구집단급식소인허가정보.csv
3040000,3040000-105-2012-00003,20120518,,03,폐업,02,폐업,20220124,,,,02 4445561,279.65,143890,서울특별시 광진구 중곡동 122-27 ,서울특별시 광진구 천호대로123길 34, 1층 (중곡동),04924,아름다운어린이집,2022-01-24 16:03:45,U,2022-01-26 02:40:00.0,어린이집,207600.95130177     ,450493.680805646    ,어린이집,0,0,,,상수도전용,0,0,0,0,0,,0,0,N,29.65,,,,,,,,서울시광진구집단급식소인허가정보.csv
3040000,3040000-105-2012-00004,20120522,,03,폐업,02,폐업,20220422,,,,02 4571565,169.00,143880,서울특별시 광진구 자양동 783-1,서울특별시 광진구 아차산로36길 39, 우성7차아파트 관리동 1층 (자양동),05067,보배어린이집,2022-04-22 14:38:36,U,2021-12-03 22:04:00.0,어린이집,206523.420380767,448235.983400054,,,,,,,,,,,,,,,,,,,,,,,,서울시광진구집단급식소인허가정보.csv
3040000,3040000-105-2012-00005,20120530,,01,영업/정상,01,영업,,,,,0234258211,,143847,서울특별시 광진구 능동 222-14번지 ,서울특별시 광진구 능동로34길 11-5, 지1층 (능동),04985,연세무척나은병원,2017-08-23 18:56:54,I,2018-08-31 23:59:59.0,병원,207083.263616847    ,450440.404399094    ,병원,,,,,상수도전용,,,,,,,,,N,35,,,,,,,,서울시광진구집단급식소인허가정보.csv
3040000,3040000-105-2012-00006,20120731,,01,영업/정상,01,영업,,,,,02 4576109,,143862,서울특별시 광진구 자양동 553-339번지 ,서울특별시 광진구 능동로4길 13 (자양동),05090,인애유치원,2017-08-23 18:56:54,I,2018-08-31 23:59:59.0,어린이집,205974.776122248    ,447952.612834991    ,어린이집,,,,,상수도전용,,0,,,,,0,0,N,0,,,,,,,,,서울시광진구집단급식소인허가정보.csv
3040000,3040000-105-2012-00007,20120803,,03,폐업,02,폐업,20130215,,,,02 4540002,,143861,서울특별시 광진구 자양동 516-3번지 ,서울특별시 광진구 뚝섬로37길 11 (자양동),05070,한일유치원,2012-08-03 10:45:03,I,2018-08-31 23:59:59.0,집단급식소,206265.844310085    ,448087.393600126    ,집단급식소,,,,,,,0,,,,,0,0,N,0,,,,,,,,,서울시광진구집단급식소인허가정보.csv
3040000,3040000-105-2012-00008,20120808,,03,폐업,02,폐업,20190517,,,,02 4580820,.00,143863,서울특별시 광진구 자양동 579번지 ,서울특별시 광진구 뚝섬로 569 (자양동),05069,대원유치원,2019-05-17 13:42:15,U,2019-05-19 02:40:00.0,어린이집,206609.947498113    ,448020.423890804    ,어린이집,,,,,상수도전용,,0,,,,,0,0,N,0,,,,,,,,,서울시광진구집단급식소인허가정보.csv
3040000,3040000-105-2012-00009,20120814,,01,영업/정상,01,영업,,,,,02 4535149,,143816,서울특별시 광진구 구의동 18번지 ,서울특별시 광진구 영화사로 105 (구의동),04948,영화유치원,2017-08-23 18:56:54,I,2018-08-31 23:59:59.0,어린이집,208564.318181149    ,450202.873097425    ,어린이집,,,,,상수도전용,,0,,,,,0,0,N,0,,,,,,,,,서울시광진구집단급식소인허가정보.csv
3040000,3040000-105-2012-00010,20120821,,01,영업/정상,01,영업,,,,,02 4996101,,143762,서울특별시 광진구 군자동 99번지 일성아파트 단지내 ,서울특별시 광진구 군자로12길 46 (군자동),05004,동심유치원,2017-08-23 18:56:54,I,2018-08-31 23:59:59.0,어린이집,206348.177069053    ,449891.572134723    ,어린이집,,,,,상수도전용,,0,,,,,0,0,N,0,,,,,,,,,서울시광진구집단급식소인허가정보.csv
3040000,3040000-105-2012-00011,20120822,,03,폐업,02,폐업,20180710,,,,02 4885611,,143916,서울특별시 광진구 화양동 24-17번지 ,서울특별시 광진구 동일로 154 (화양동),05013,동부참사랑요양병원,2018-07-10 15:03:47,I,2018-08-31 23:59:59.0,사회복지시설,205799.162717309    ,449285.820248663    ,사회복지시설,,,,,상수도전용,,0,,,,,0,0,N,24.84,,,,,,,,,서울시광진구집단급식소인허가정보.csv
3040000,3040000-105-2012-00012,20120914,,03,폐업,02,폐업,20191212,,,,02 4565003,.00,143870,서울특별시 광진구 자양동 643-1번지 ,서울특별시 광진구 뚝섬로52마길 32 (자양동),05108,민들레어린이집,2019-12-12 10:30:14,U,2019-12-14 02:40:00.0,어린이집,207003.605281777    ,447404.323430001    ,어린이집,,,,,상수도전용,,0,,,,,0,0,N,0,,,,,,,,,서울시광진구집단급식소인허가정보.csv
3040000,3040000-105-2013-00001,20130306,,03,폐업,02,폐업,20210302,,,,02 4664807,.00,143837,서울특별시 광진구 군자동 30-13 ,서울특별시 광진구 천호대로102길 41, 1층 (군자동),04995,수정어린이집,2021-03-02 11:29:21,U,2021-03-04 02:40:00.0,어린이집,206422.463314115    ,450551.195510431    ,어린이집,,,,,상수도전용,,0,,,,,0,0,N,0,,,,,,,,서울시광진구집단급식소인허가정보.csv
3040000,3040000-105-2013-00002,20130308,,01,영업/정상,01,영업,,,,,02 4676824,,143900,서울특별시 광진구 중곡동 169-8번지 ,서울특별시 광진구 능동로 447 (중곡동),04904,한국중앙어린이집,2017-08-23 18:56:54,I,2018-08-31 23:59:59.0,어린이집,207438.673176284    ,451817.074461504    ,어린이집,,,,,상수도전용,,0,,,,,0,0,N,0,,,,,,,,,서울시광진구집단급식소인허가정보.csv
3040000,3040000-105-2013-00003,20130313,,03,폐업,02,폐업,20181019,,,,02 4695385,.00,143901,서울특별시 광진구 중곡동 192-32번지 ,서울특별시 광진구 긴고랑로7길 52 (중곡동),04907,화목교회,2018-10-19 16:11:45,U,2018-11-03 04:00:00.0,기타 집단급식소,207038.420940822    ,451474.25679377     ,기타 집단급식소,,,,,상수도전용,,4,,,,,0,0,N,0,,,,,,,,,서울시광진구집단급식소인허가정보.csv
3040000,3040000-105-2013-00004,20130329,,01,영업/정상,01,영업,,,,,0234083014,.00,143839,서울특별시 광진구 군자동 98 ,서울특별시 광진구 능동로 209 (군자동, 진관홀),05006,진관홀식당,2022-03-07 10:36:05,U,2022-03-10 02:40:00.0,학교,206479.980833988    ,449827.630945538    ,학교,,,,,상수도전용,,0,,,,,0,0,N,0,,,,,,,,서울시광진구집단급식소인허가정보.csv
3040000,3040000-105-2013-00005,20130329,,01,영업/정상,01,영업,,,,,0234083014,.00,143839,서울특별시 광진구 군자동 98 ,서울특별시 광진구 능동로 209 (군자동, 군자관),05006,군자관식당,2022-03-07 16:59:42,U,2022-03-10 02:40:00.0,학교,206479.980833988    ,449827.630945538    ,학교,,,,,상수도전용,,0,,,,,0,0,N,0,,,,,,,,서울시광진구집단급식소인허가정보.csv
3040000,3040000-105-2013-00006,20130509,,03,폐업,02,폐업,20130528,,,,,,143889,서울특별시 광진구 중곡동 107-54번지 ,서울특별시 광진구 영화사로 53 (중곡동),04947,새벽어린이집,2013-05-09 10:24:44,I,2018-08-31 23:59:59.0,집단급식소,208105.479916743    ,450380.942409825    ,집단급식소,,,,,,,0,,,,,0,0,N,0,,,,,,,,,서울시광진구집단급식소인허가정보.csv
3040000,3040000-105-2013-00007,20130627,,01,영업/정상,01,영업,,,,,,.00,143864,서울특별시 광진구 자양동 581-2,서울특별시 광진구 자양번영로 35 (자양동),05092,자양종합사회복지관,2022-04-27 18:00:26,U,2021-12-03 21:00:00.0,사회복지시설,206579.792260243,447852.764413523,,,,,,,,,,,,,,,,,,,,,,,,,서울시광진구집단급식소인허가정보.csv
3040000,3040000-105-2013-00008,20130715,,01,영업/정상,01,영업,,,,,02 4472373,,143885,서울특별시 광진구 중곡동 33-38번지 ,서울특별시 광진구 긴고랑로17길 8 (중곡동),04934,구립수호천사어린이집,2017-08-23 18:56:54,I,2018-08-31 23:59:59.0,어린이집,207367.296041165    ,451166.322682477    ,어린이집,,,,,상수도전용,,0,,,,,0,0,N,0,,,,,,,,,서울시광진구집단급식소인허가정보.csv
3040000,3040000-105-2013-00009,20130820,,03,폐업,02,폐업,20210112,,,,02 4556769,.00,143821,서울특별시 광진구 구의동 209-44 ,서울특별시 광진구 구의로4길 21 (구의동),05036,우리티움아이어린이집,2021-01-12 14:07:26,U,2021-01-14 02:40:00.0,어린이집,207958.110735646    ,448660.290828559    ,어린이집,,,,,상수도전용,,0,,,,,0,0,N,0,,,,,,,,,서울시광진구집단급식소인허가정보.csv
3040000,3040000-105-2013-00010,20130821,,03,폐업,02,폐업,20190905,,,,02  4528877,.00,143887,서울특별시 광진구 중곡동 73-80번지 ,서울특별시 광진구 영화사로9길 95-2 (중곡동),04947,사랑숲어린이집,2019-09-05 09:48:35,U,2019-09-07 02:40:00.0,어린이집,208380.134998635    ,450613.63816686     ,어린이집,,,,,상수도전용,,0,,,,,0,0,N,0,,,,,,,,,서울시광진구집단급식소인허가정보.csv
3040000,3040000-105-2013-00011,20130904,,03,폐업,02,폐업,20220613,,,,,.00,143817,서울특별시 광진구 구의동 50-4,서울특별시 광진구 자양로47길 11 (구의동),04954,예일어린이집,2022-06-13 15:49:46,U,2021-12-05 23:06:00.0,어린이집,208042.498347067,449998.620222865,,,,,,,,,,,,,,,,,,,,,,,,,서울시광진구집단급식소인허가정보.csv
3040000,3040000-105-2013-00012,20130905,,03,폐업,02,폐업,20200319,,,,02 4527929,.00,143819,서울특별시 광진구 구의동 70-30번지 ,서울특별시 광진구 자양로 238 (구의동),04975,서울서광어린이집,2020-03-19 15:22:01,U,2020-03-21 02:40:00.0,어린이집,207760.231853985    ,449497.652086858    ,어린이집,,,,,상수도전용,,0,,,,,0,0,N,0,,,,,,,,,서울시광진구집단급식소인허가정보.csv
3040000,3040000-105-2013-00013,20130905,,01,영업/정상,01,영업,,,,,02 4471477,,143816,서울특별시 광진구 구의동 29-21번지 ,서울특별시 광진구 자양로51길 11-12 (구의동),04955,예랑어린이집,2017-08-23 18:56:54,I,2018-08-31 23:59:59.0,어린이집,208089.306826023    ,450125.752623036    ,어린이집,,,,,상수도전용,,0,,,,,0,0,N,0,,,,,,,,,서울시광진구집단급식소인허가정보.csv
3040000,3040000-105-2013-00014,20130906,,03,폐업,02,폐업,20220331,,,,02 4565677,.00,143815,서울특별시 광진구 광장동 577 현대파크빌아파트 단지내,서울특별시 광진구 아차산로 549 (광장동, 현대파크빌아파트 단지내),04983,파크빌어린이집,2022-03-31 10:13:32,U,2021-12-04 00:02:00.0,어린이집,208902.730986087,449103.205201495,,,,,,,,,,,,,,,,,,,,,,,,서울시광진구집단급식소인허가정보.csv
3040000,3040000-105-2013-00015,20130912,,03,폐업,02,폐업,20170609,,,,,,143827,서울특별시 광진구 구의동 254-86번지 ,서울특별시 광진구 자양로 179 (구의동),05024,다음세대어린이집,2017-06-09 10:34:20,I,2018-08-31 23:59:59.0,집단급식소,207388.735564658    ,449057.9263005      ,집단급식소,,,,,상수도전용,,0,,,,,0,0,N,0,,,,,,,,,서울시광진구집단급식소인허가정보.csv
3040000,3040000-105-2013-00016,20130913,,01,영업/정상,01,영업,,,,,,,143220,서울특별시 광진구 중곡동 608-6번지 ,서울특별시 광진구 용마산로 185 (중곡동),04903,미파어린이집,2017-08-23 18:56:54,I,2018-08-31 23:59:59.0,어린이집,207517.618498083    ,451997.353712811    ,어린이집,,,,,상수도전용,,0,,,,,0,0,N,0,,,,,,,,,서울시광진구집단급식소인허가정보.csv
3040000,3040000-105-2013-00017,20131010,,01,영업/정상,01,영업,,,,,02 4644511,,143840,서울특별시 광진구 군자동 346-24번지 ,서울특별시 광진구 군자로 79 (군자동),05002,광진한울촌노인요양시설,2017-08-23 18:56:54,I,2018-08-31 23:59:59.0,사회복지시설,206166.470653696    ,449770.343098385    ,사회복지시설,,,,,상수도전용,,0,,,,,0,0,N,0,,,,,,,,,서울시광진구집단급식소인허가정보.csv
3040000,3040000-105-2013-00018,20131106,,03,폐업,02,폐업,20140729,,,,02 4555642,,143862,서울특별시 광진구 자양동 553-376번지 ,서울특별시 광진구 능동로4길 17 (자양동),05090,영재몬테소리어린이집,2014-07-29 16:05:47,I,2018-08-31 23:59:59.0,집단급식소,206011.728357801    ,447910.588323863    ,집단급식소,,,,,,,0,,,,,0,0,N,0,,,,,,,,,서울시광진구집단급식소인허가정보.csv
3040000,3040000-105-2013-00019,20131111,,03,폐업,02,폐업,20200317,,,,02 4642700,27.00,143842,서울특별시 광진구 자양동 24-9번지 ,서울특별시 광진구 동일로 92-1, 6층 (자양동),05071,서울프라임병원,2020-03-17 15:01:14,U,2020-03-19 02:40:00.0,병원,205558.67706739     ,448728.056778367    ,병원,,,,,상수도전용,,0,,,,,0,0,N,27,,,,,,,,서울시광진구집단급식소인허가정보.csv
3040000,3040000-105-2014-00001,20140103,,03,폐업,02,폐업,20160308,,,,02 4477188,,143802,서울특별시 광진구 광장동 148-11번지 대오빌딩 6층,7층 ,서울특별시 광진구 아차산로 634, 6층,7층 (광장동, 대오빌딩),04969,워커힐케어센터,2015-01-07 14:08:40,I,2018-08-31 23:59:59.0,집단급식소,209506.54940258     ,449634.030106178    ,집단급식소,,,,,,,0,,,,,0,0,N,0,,,,,서울시광진구집단급식소인허가정보.csv
3040000,3040000-105-2014-00002,20140228,,01,영업/정상,01,영업,,,,,02458 1324,,143887,서울특별시 광진구 중곡동 63-8번지 ,서울특별시 광진구 긴고랑로37길 8 (중곡동),04944,구립희망샘어린이집,2017-08-23 18:56:54,I,2018-08-31 23:59:59.0,어린이집,207901.364932712    ,450784.390548277    ,어린이집,,,,,상수도전용,,0,,,,,0,0,N,0,,,,,,,,,서울시광진구집단급식소인허가정보.csv
3040000,3040000-105-2014-00003,20140307,,03,폐업,02,폐업,20200902,,,,0234364611,.00,143896,서울특별시 광진구 중곡동 150-236 (1층) ,서울특별시 광진구 용마산로7길 60, 1층 (중곡동),04922,아이들세상 어린이집,2020-09-02 11:46:02,U,2020-09-04 02:40:00.0,어린이집,207405.073177896    ,450872.994022783    ,어린이집,,,,,상수도전용,,0,,,,,0,0,N,0,,,,,,,,서울시광진구집단급식소인허가정보.csv
3040000,3040000-105-2014-00004,20140312,,01,영업/정상,01,영업,,,,,02 4525579,33.00,143890,서울특별시 광진구 중곡동 118-38 ,서울특별시 광진구 천호대로123길 4-4 (중곡동),04931,아이와나무 어린이집,2020-10-22 16:05:21,U,2020-10-24 02:40:00.0,어린이집,207632.856912079    ,450332.787490278    ,어린이집,,,,,상수도전용,,0,,,,,0,0,N,33,,,,,,,,,서울시광진구집단급식소인허가정보.csv
3040000,3040000-105-2014-00005,20140415,,03,폐업,02,폐업,20200330,,,,02 4525544,498.29,143891,서울특별시 광진구 중곡동 141-12번지 ,서울특별시 광진구 천호대로111길 41 (중곡동),04928,예일유치원,2020-03-30 11:49:20,U,2020-04-01 02:40:00.0,어린이집,207244.217989034    ,450671.323179212    ,어린이집,,,,,상수도전용,,0,,,,,0,0,N,0,,,,,,,,,서울시광진구집단급식소인허가정보.csv
3040000,3040000-105-2014-00006,20140429,,01,영업/정상,01,영업,,,,,,,143893,서울특별시 광진구 중곡동 147-35번지 ,서울특별시 광진구 용마산로12길 5 (중곡동),04942,해피용마어린이집,2017-08-23 18:56:54,I,2018-08-31 23:59:59.0,어린이집,207689.349087255    ,450968.454625153    ,어린이집,,,,,상수도전용,,0,,,,,0,0,N,0,,,,,,,,,서울시광진구집단급식소인허가정보.csv
3040000,3040000-105-2014-00007,20141231,,03,폐업,02,폐업,20160523,,,,,,143916,서울특별시 광진구 화양동 17-66번지 ,서울특별시 광진구 동일로28길 45 (화양동),05008,건대꼬마숲어린이집,2015-01-07 14:12:59,I,2018-08-31 23:59:59.0,집단급식소,206048.229270292    ,449330.983939236    ,집단급식소,,,,,,,,,,,,,,N,0,,,,,,,,,서울시광진구집단급식소인허가정보.csv
3040000,3040000-105-2015-00001,20150224,,03,폐업,02,폐업,20160420,,,,080234 7575,,143839,서울특별시 광진구 군자동 98번지 지하1층(공공기숙사) ,서울특별시 광진구 능동로 209, 지하1층 (군자동, 공공기숙사),05006,세종대학교공공기숙사유한회사,2015-02-24 18:22:19,I,2018-08-31 23:59:59.0,집단급식소,206479.980833988    ,449827.630945538    ,집단급식소,,,,,상수도전용,,0,,,,,0,0,N,170.6,,,,,,,서울시광진구집단급식소인허가정보.csv
3040000,3040000-105-2015-00002,20150302,,03,폐업,02,폐업,20221007,,,,02 4506500,31.15,143708,서울특별시 광진구 광장동 22-1 워커힐호텔 2층,서울특별시 광진구 워커힐로 177, 2층 (광장동, 워커힐호텔),04963,워커힐행복어린이집,2022-10-07 13:52:03,U,2021-10-31 00:09:00.0,어린이집,209775.267831522,450327.57709331,,,,,,,,,,,,,,,,,,,,,,,서울시광진구집단급식소인허가정보.csv
3040000,3040000-105-2015-00003,20150304,,01,영업/정상,01,영업,,,,,0234099140,,143747,서울특별시 광진구 군자동 98번지 세종대학교 6층 ,서울특별시 광진구 능동로 209 (군자동, 세종대학교 6층),05006,세종대학교군자관식당,2017-08-23 18:56:54,I,2018-08-31 23:59:59.0,학교,206479.980833988    ,449827.630945538    ,학교,,,,,상수도전용,,0,,,,,0,0,N,285,,,,,,,,서울시광진구집단급식소인허가정보.csv
3040000,3040000-105-2015-00004,20150304,,03,폐업,02,폐업,20220307,,,,02 4994121,223.00,143837,서울특별시 광진구 군자동 90-30 우정당 1층 ,서울특별시 광진구 능동로 209, 1층 (군자동, 우정당),05006,세종대학교우정당식당,2022-03-07 17:13:27,U,2022-03-10 02:40:00.0,학교,206498.625094233    ,450058.676564084    ,학교,0,0,,,상수도전용,0,0,0,0,0,,0,0,N,223,,,,,,,서울시광진구집단급식소인허가정보.csv
3040000,3040000-105-2015-00005,20150401,,01,영업/정상,01,영업,,,,,0234377078,,143210,서울특별시 광진구 광장동 401-17번지 1층 ,서울특별시 광진구 광장로 1, 1층 (광장동),04982,재한몽골학교,2017-08-23 18:56:54,I,2018-08-31 23:59:59.0,학교,208608.580991558    ,449277.893696316    ,학교,,,,,상수도전용,,,,,,,,,N,0,,,,,,,,서울시광진구집단급식소인허가정보.csv
3040000,3040000-105-2015-00006,20150604,,01,영업/정상,01,영업,,,,,02 452 2800,.00,143865,서울특별시 광진구 자양동 593-2 1층,서울특별시 광진구 자양번영로2길 30-1, 1층 (자양동),05110,구립한가람어린이집,2022-04-13 16:11:29,U,2021-12-03 23:06:00.0,어린이집,206707.532100685,447539.328073877,,,,,,,,,,,,,,,,,,,,,,,,서울시광진구집단급식소인허가정보.csv
3040000,3040000-105-2015-00007,20150825,,03,폐업,02,폐업,20210802,,,,02 4463356,252.96,143824,서울특별시 광진구 구의동 235-32 지하1층 ,서울특별시 광진구 자양로 188, 지하1층 (구의동),05031,사랑재요양원,2021-08-02 15:27:12,U,2021-08-04 02:40:00.0,사회복지시설,207469.0073079      ,449117.498947757    ,사회복지시설,0,0,,,상수도전용,0,0,0,0,0,,0,0,N,252.96,,,,,,,,서울시광진구집단급식소인허가정보.csv
3040000,3040000-105-2015-00008,20150904,,03,폐업,02,폐업,20210615,,,,02 4557000,18.42,143852,서울특별시 광진구 자양동 231-51 2층 자양도담어린이집 ,서울특별시 광진구 아차산로44가길 5, 2층 (자양동, 자양도담어린이집),05054,자양도담어린이집,2021-06-15 11:07:36,U,2021-06-17 02:40:00.0,어린이집,206992.211662077    ,448220.46567342     ,어린이집,,,,,상수도전용,,0,,,,자가,0,0,N,18.42,,,,,,,서울시광진구집단급식소인허가정보.csv
3040000,3040000-105-2015-00009,20151127,,03,폐업,02,폐업,20190328,,,,02  34381476,91.96,143901,서울특별시 광진구 중곡동 186-11번지 지하1층 ,서울특별시 광진구 동일로 427, 지하1층 (중곡동),04900,(주)카페베네,2019-03-28 16:11:49,U,2019-03-30 02:40:00.0,산업체,206875.356724499    ,451811.107176646    ,산업체,,,,,상수도전용,,0,,,,,0,0,N,91.96,,,,,,,,서울시광진구집단급식소인허가정보.csv
3040000,3040000-105-2016-00001,20160524,,03,폐업,02,폐업,20160602,,,,02 4670632,,143888,서울특별시 광진구 중곡동 89-1번지 2층 ,서울특별시 광진구 영화사로 30, 2층 (중곡동),04950,엄지어린이집,2016-05-24 16:16:00,I,2018-08-31 23:59:59.0,어린이집,207903.76494207     ,450516.288354149    ,어린이집,,,,,상수도전용,,0,,,,자가,0,0,N,18.1,,,,,,,,서울시광진구집단급식소인허가정보.csv
3040000,3040000-105-2016-00002,20161014,,03,폐업,02,폐업,20210205,,,,02 4665151,30.97,143842,서울특별시 광진구 자양동 25-2 5층 ,서울특별시 광진구 동일로 82-1, 5층 (자양동),05079,리안요양병원,2021-02-05 10:51:13,U,2021-02-07 02:40:00.0,사회복지시설,205507.103014693    ,448633.824455964    ,사회복지시설,,,,,상수도전용,,0,,,,,0,0,N,30.97,,,,,,,,서울시광진구집단급식소인허가정보.csv
3040000,3040000-105-2017-00001,20170228,,01,영업/정상,01,영업,,,,,,15.81,143912,서울특별시 광진구 중곡동 624-21 3층 ,서울특별시 광진구 긴고랑로8길 76, 3층 (중곡동),04917,구립 중곡1동자람터어린이집,2022-03-24 11:34:59,U,2022-03-26 02:40:00.0,어린이집,206753.685769902    ,450894.443898284    ,어린이집,,,,,상수도전용,,0,,,,임대,0,0,N,15.81,,,,,,,,서울시광진구집단급식소인허가정보.csv
3040000,3040000-105-2017-00002,20170302,,01,영업/정상,01,영업,,,,,,,143849,서울특별시 광진구 능동 249-4번지 3층 ,서울특별시 광진구 천호대로120길 32, 3층 (능동),04987,능동꿈맞이어린이집,2017-03-02 09:39:22,I,2018-08-31 23:59:59.0,어린이집,207526.672449859    ,450063.243001689    ,어린이집,,,,,상수도전용,,0,,,,,0,0,N,12.8,,,,,,,,서울시광진구집단급식소인허가정보.csv
3040000,3040000-105-2017-00003,20170918,,01,영업/정상,01,영업,,,,,,,143835,서울특별시 광진구 구의동 634-13번지 3층 ,서울특별시 광진구 자양로23길 79, 3층 (구의동),05023,국공립구의1동아이터어린이집,2017-09-18 17:21:32,I,2018-08-31 23:59:59.0,어린이집,207334.73837751     ,449069.479530716    ,어린이집,,,,,,,0,,,,자가,0,0,N,9.9,,,,,,,,서울시광진구집단급식소인허가정보.csv
3040000,3040000-105-2018-00001,20180129,,03,폐업,02,폐업,20211229,,,,,2,374.08,143802,서울특별시 광진구 광장동 148-11 6층 ,서울특별시 광진구 아차산로 634, 6층 (광장동),04969,워커힐케어쎈터1,2021-12-29 15:20:42,U,2021-12-31 02:40:00.0,사회복지시설,209506.54940258     ,449634.030106178    ,사회복지시설,0,0,,,,0,0,0,0,0,,0,0,N,26.32,,,,,,,서울시광진구집단급식소인허가정보.csv
3040000,3040000-105-2018-00002,20180202,,03,폐업,02,폐업,20200206,,,,,21.00,143912,서울특별시 광진구 중곡동 649-13번지 세기빌딩 4,5,6층 ,서울특별시 광진구 능동로37길 11, 세기빌딩 4,5,6층 (중곡동),04919,서울데이케어센터,2020-02-06 13:57:58,U,2020-02-08 02:40:00.0,사회복지시설,206915.32021046     ,450639.682047166    ,사회복지시설,,,,,상수도전용,,0,,,,,0,0,N,21,,,,서울시광진구집단급식소인허가정보.csv
3040000,3040000-105-2018-00003,20180710,,01,영업/정상,01,영업,,,,,,33.60,143916,서울특별시 광진구 화양동 24-17번지 ,서울특별시 광진구 동일로 154, 지하1층 (화양동),05013,동부참사랑요양병원,2019-04-26 13:08:14,U,2019-04-28 02:40:00.0,병원,205799.162717309    ,449285.820248663    ,병원,,,,,상수도전용,,0,,,,,0,0,N,33.6,,,,,,,,서울시광진구집단급식소인허가정보.csv
3040000,3040000-105-2018-00004,20180821,,01,영업/정상,01,영업,,,,,02 4580670,50.88,143849,서울특별시 광진구 능동 240-16 능동어린이집 ,서울특별시 광진구 천호대로114길 47, 능동어린이집 (능동),04988,구립 능동어린이집,2022-03-24 15:55:27,U,2022-03-26 02:40:00.0,어린이집,207171.434132378    ,450148.09969326     ,어린이집,0,0,,,,0,0,0,0,0,,0,0,N,50.88,,,,,,,,서울시광진구집단급식소인허가정보.csv
3040000,3040000-105-2018-00005,20180903,,01,영업/정상,01,영업,,,,,02  499 0011,390.66,143840,서울특별시 광진구 군자동 363-28번지 ,서울특별시 광진구 군자로12길 6-4, 3층 (군자동),05004,꿈모음어린이집,2020-01-15 18:43:48,U,2020-01-17 02:40:00.0,어린이집,206236.001045017    ,449828.337274976    ,어린이집,,,,,상수도전용,,0,,,,,0,0,N,12.31,,,,,,,,서울시광진구집단급식소인허가정보.csv
3040000,3040000-105-2018-00006,20180914,,01,영업/정상,01,영업,,,,,,27.36,143867,서울특별시 광진구 자양동 629-40 3층,서울특별시 광진구 자양로9길 30, 3층 (자양동),05058,구립자양1동 봄뜰어린이집,2022-04-13 16:21:18,U,2021-12-03 23:06:00.0,어린이집,207249.471667446,447933.154090302,,,,,,,,,,,,,,,,,,,,,,,,서울시광진구집단급식소인허가정보.csv
3040000,3040000-105-2018-00007,20181119,,03,폐업,02,폐업,20220714,,,,,22.00,143820,서울특별시 광진구 구의동 122-2 1층,서울특별시 광진구 광나루로 545, 1층 (구의동),04978,구립파크스위트어린이집,2022-07-14 15:04:55,U,2021-12-06 23:06:00.0,어린이집,207943.457214226,449306.553020918,,,,,,,,,,,,,,,,,,,,,,,,서울시광진구집단급식소인허가정보.csv
3040000,3040000-105-2018-00008,20181212,,01,영업/정상,01,영업,,,,,0222011264,9.90,143878,서울특별시 광진구 자양동 762 한라아파트,서울특별시 광진구 뚝섬로33길 20, 보육시설.노인정동 1~2층 (자양동, 한라아파트),05070,한라어린이집,2022-04-13 16:25:03,U,2021-12-03 23:06:00.0,어린이집,206120.623915253,448158.641460407,,,,,,,,,,,,,,,,,,,,,,,서울시광진구집단급식소인허가정보.csv
3040000,3040000-105-2019-00001,20190226,,03,폐업,02,폐업,20190315,,,,,16.50,143907,서울특별시 광진구 중곡동 293-28번지 1층 ,서울특별시 광진구 용마산로30길 17, 1층 (중곡동),04938,중곡희망어린이집,2019-03-15 15:43:34,U,2019-03-17 02:40:00.0,어린이집,207612.919368894    ,451834.655912127    ,어린이집,,,,,,,0,,,,,0,0,N,16.5,,,,,,,,서울시광진구집단급식소인허가정보.csv
3040000,3040000-105-2019-00002,20190702,,01,영업/정상,01,영업,,,,,02 4568898,310.30,143875,서울특별시 광진구 자양동 685번지 편안한 요양병원 ,서울특별시 광진구 자양로 38, 편안한 요양병원 지하1층 (자양동),05112,편안한 요양병원,2019-07-02 11:32:40,I,2019-07-04 02:21:28.0,병원,207574.350933065    ,447709.275315842    ,병원,,,,,상수도전용,,0,,,,,0,0,N,127.2,,,,,,,,서울시광진구집단급식소인허가정보.csv
3040000,3040000-105-2019-00003,20190703,,01,영업/정상,01,영업,,,,,02498 3062,26.40,143838,서울특별시 광진구 군자동 184-4,서울특별시 광진구 동일로56길 15, 1~3층 (군자동),04995,구립하늘땅별땅어린이집,2022-04-13 17:35:15,U,2021-12-03 23:06:00.0,어린이집,206377.094642419,450427.658842822,,,,,,,,,,,,,,,,,,,,,,,,서울시광진구집단급식소인허가정보.csv
3040000,3040000-105-2019-00004,20190731,,01,영업/정상,01,영업,,,,,,52.01,143822,서울특별시 광진구 구의동 218-37 ,서울특별시 광진구 아차산로 450-2, 1~4층 (구의동),05047,더바름정형외과의원,2021-12-23 14:04:04,U,2021-12-25 02:40:00.0,병원,208106.526813426    ,448498.363474537    ,병원,,,,,상수도전용,,0,,,,,0,0,N,27.11,,,,,,,,서울시광진구집단급식소인허가정보.csv
3040000,3040000-105-2019-00005,20190807,,01,영업/정상,01,영업,,,,,0234084463,,143747,서울특별시 광진구 군자동 98번지 세종대학교 ,서울특별시 광진구 능동로 209, 세종대학교 광개토관 15층 (군자동),05006,세종대학교,2019-08-07 14:02:30,I,2019-08-09 02:21:57.0,학교,206479.980833988    ,449827.630945538    ,학교,,,,,,,,,,,,,,N,0,,,,,,,,서울시광진구집단급식소인허가정보.csv
3040000,3040000-105-2019-00006,20190909,,01,영업/정상,01,영업,,,,,0234084003,745.45,143747,서울특별시 광진구 군자동 98번지 세종대학교 ,서울특별시 광진구 능동로 209, 세종대학교 대양AI센터 2층 (군자동),05006,세종대학교,2019-09-09 16:17:06,I,2019-09-11 02:22:33.0,학교,206479.980833988    ,449827.630945538    ,학교,,,,,상수도전용,,0,,,,,0,0,N,110,,,,,,,,서울시광진구집단급식소인허가정보.csv
3040000,3040000-105-2019-00007,20190917,,01,영업/정상,01,영업,,,,,,9.89,143887,서울특별시 광진구 중곡동 73-80번지 2층 ,서울특별시 광진구 영화사로9길 95-2, 2층 (중곡동),04947,사랑숲어린이집,2019-09-17 10:51:27,I,2019-09-19 02:22:30.0,어린이집,208380.134998635    ,450613.63816686     ,어린이집,,,,,,,0,,,,,0,0,N,9.89,,,,,,,,서울시광진구집단급식소인허가정보.csv
3040000,3040000-105-2019-00008,2019-09-30,,03,폐업,02,폐업,2023-04-13,,,,,69.40,143-873,서울특별시 광진구 자양동 662-5 4층,서울특별시 광진구 자양로5길 36, 4층 (자양동),05102,자양유치원,2023-04-13 14:58:42,U,2022-12-03 23:05:00.0,어린이집,207332.900096276,447665.572094253,,,,,,,,,,,,,,,,,,,,,,,,서울시광진구집단급식소인허가정보.csv
3040000,3040000-105-2019-00009,20191118,,01,영업/정상,01,영업,,,,,02 340 3114,317.97,143701,서울특별시 광진구 화양동 1번지 건국대학교 ,서울특별시 광진구 능동로 120, 건국대학교 일우헌 지층 (화양동),05029,건국대학교 일우헌,2019-11-18 15:35:05,I,2019-11-20 00:23:19.0,기숙사,206445.881091692    ,448922.881688102    ,기숙사,,,,,상수도전용,,0,,,,자가,0,0,N,104.54,,,,,,,,서울시광진구집단급식소인허가정보.csv
3040000,3040000-105-2019-00010,20191206,,01,영업/정상,01,영업,,,,,02 22445161,83.39,143747,서울특별시 광진구 군자동 98번지 세종대학교 ,서울특별시 광진구 능동로 209, 세종대학교 대양AI센터 2층 (군자동),05006,세종스포츠정형외과의원,2019-12-06 12:03:25,I,2019-12-08 00:23:28.0,병원,206479.980833988    ,449827.630945538    ,병원,,,,,,,4,,,,,0,0,N,30.48,,,,,,,,서울시광진구집단급식소인허가정보.csv
3040000,3040000-105-2020-00001,20200117,,01,영업/정상,01,영업,,,,,,14.72,143904,서울특별시 광진구 중곡동 258-17 중곡1동어린이집 ,서울특별시 광진구 능동로43길 27-14, 중곡1동어린이집 2층 (중곡동),04915,구립 중곡1동어린이집,2022-03-24 11:38:18,U,2022-03-26 02:40:00.0,어린이집,206965.840795349    ,450963.528138461    ,어린이집,,,,,상수도전용,,0,,,,임대,0,0,N,14.72,,,,,,,,서울시광진구집단급식소인허가정보.csv
3040000,3040000-105-2020-00002,20200203,,01,영업/정상,01,영업,,,,,02 463 4959,16.50,143841,서울특별시 광진구 자양동 5-7 자양4동 어린이집,서울특별시 광진구 아차산로32길 17, 자양4동 어린이집 1층 (자양동),05073,국공립자양4동어린이집,2022-04-13 16:15:12,U,2021-12-03 23:06:00.0,어린이집,205975.29046169,448541.197415277,,,,,,,,,,,,,,,,,,,,,,,,서울시광진구집단급식소인허가정보.csv
3040000,3040000-105-2020-00003,20200206,,03,폐업,02,폐업,20210129,,,,02 4569555,100.00,143912,서울특별시 광진구 중곡동 649-13 세기빌딩 ,서울특별시 광진구 능동로37길 11, 세기빌딩 5층 (중곡동),04919,서울데이케어센터,2021-01-29 09:22:57,U,2021-01-31 02:40:00.0,사회복지시설,206915.32021046     ,450639.682047166    ,사회복지시설,,,,,상수도전용,,0,,,,임대,0,0,N,15.7,,,,,,,,서울시광진구집단급식소인허가정보.csv
3040000,3040000-105-2020-00004,20200317,,01,영업/정상,01,영업,,,,,02 4642700,27.00,143842,서울특별시 광진구 자양동 24-9번지 ,서울특별시 광진구 동일로 92-1, 6층 (자양동),05071,서울프라임병원,2020-04-02 16:50:51,U,2020-04-04 02:40:00.0,병원,205558.67706739     ,448728.056778367    ,병원,,,,,,,0,,,,임대,0,0,N,27,,,,,,,,서울시광진구집단급식소인허가정보.csv
3040000,3040000-105-2020-00005,20200603,,01,영업/정상,01,영업,,,,,,15.00,143200,서울특별시 광진구 구의동 668번지 래미안파크스위트 ,서울특별시 광진구 광나루로 545, 110동 1층 (구의동, 래미안파크스위트),04978,구립파크스위트어린이집,2020-06-03 16:17:12,I,2020-06-05 00:23:19.0,어린이집,207903.213471693    ,449192.307030207    ,어린이집,,,,,상수도전용,,,,,,,,,N,10,,,,,,,서울시광진구집단급식소인허가정보.csv
3040000,3040000-105-2020-00006,20200824,,03,폐업,02,폐업,20220811,,,,02 4565003,3.84,143870,서울특별시 광진구 자양동 643-1 그랜드빌,서울특별시 광진구 뚝섬로52마길 32, 그랜드빌 1층 (자양동),05108,민들레어린이집,2022-08-11 14:26:52,U,2021-12-07 23:03:00.0,어린이집,207003.605281777,447404.323430001,,,,,,,,,,,,,,,,,,,,,,,,서울시광진구집단급식소인허가정보.csv
3040000,3040000-105-2020-00007,20200903,,01,영업/정상,01,영업,,,,,0234364611,25.00,143886,서울특별시 광진구 중곡동 54-33 아이들세상어린이집 ,서울특별시 광진구 긴고랑로26길 31, 아이들세상어린이집 3층 (중곡동),04926,아이들세상어린이집,2020-09-04 09:33:11,I,2020-09-05 00:23:13.0,어린이집,207439.217355479    ,450762.880584968    ,어린이집,,,,,,,0,,,,,0,0,N,25,,,,,,,,서울시광진구집단급식소인허가정보.csv
3040000,3040000-105-2020-00008,20200903,,01,영업/정상,01,영업,,,,,,4.40,143891,서울특별시 광진구 중곡동 134-26 2층 ,서울특별시 광진구 천호대로117길 51, 2층 (중곡동),04925,한울어린이집,2020-09-03 15:17:36,I,2020-09-05 00:23:13.0,어린이집,207455.053784891    ,450552.270683107    ,어린이집,,,,,,,0,,,,자가,0,0,N,4.4,,,,,,,,서울시광진구집단급식소인허가정보.csv
3040000,3040000-105-2020-00009,20201028,,01,영업/정상,01,영업,,,,,02  457 1502,98.05,143883,서울특별시 광진구 중곡동 20-2 지하1층 ,서울특별시 광진구 용마산로22길 28, 지하1층 (중곡동),04939,대원교육그룹,2020-10-28 13:34:37,I,2020-10-30 00:23:09.0,기타 집단급식소,207749.266943066    ,451297.373903151    ,기타 집단급식소,,,,,상수도전용,,0,,,,,0,0,N,13.2,,,,,,,,서울시광진구집단급식소인허가정보.csv
3040000,3040000-105-2020-00010,20201201,,01,영업/정상,01,영업,,,,,,32.92,143826,서울특별시 광진구 구의동 252-16 웰츠타워 312호 ,서울특별시 광진구 자양로 116, 3층 312호 (구의동, 웰츠타워),05043,오석한방병원,2020-12-01 09:56:20,I,2020-12-03 00:23:07.0,병원,207342.766106556    ,448444.754635481    ,병원,,,,,상수도전용,,0,,,,,0,0,N,17.56,,,,,,,서울시광진구집단급식소인허가정보.csv
3040000,3040000-105-2021-00001,20210429,,01,영업/정상,01,영업,,,,,,192.94,143827,서울특별시 광진구 구의동 253-23 광진소방서 ,서울특별시 광진구 광나루로 480, 광진소방서 (구의동),05023,광진소방서,2021-04-29 11:14:45,I,2021-05-01 00:23:12.0,공공기관,207251.455962208    ,449177.767319025    ,공공기관,,,,,,,0,,,,자가,0,0,N,44.01,,,,,,,,서울시광진구집단급식소인허가정보.csv
3040000,3040000-105-2021-00002,20210615,,01,영업/정상,01,영업,,,,,,18.42,143852,서울특별시 광진구 자양동 231-51 2층 ,서울특별시 광진구 아차산로44가길 5, 2층 (자양동),05054,구립자양도담 어린이집,2021-06-15 11:48:41,I,2021-06-17 00:22:54.0,어린이집,206992.211662077    ,448220.46567342     ,어린이집,,,,,,,0,,,,,0,0,N,18.42,,,,,,,,서울시광진구집단급식소인허가정보.csv
3040000,3040000-105-2021-00003,20210802,,01,영업/정상,01,영업,,,,,,252.96,143824,서울특별시 광진구 구의동 235-32 ,서울특별시 광진구 자양로 188, 지하1층 (구의동),05031,사랑재요양원,2021-08-02 15:41:45,I,2021-08-04 00:22:52.0,사회복지시설,207469.0073079      ,449117.498947757    ,사회복지시설,0,0,,,,0,0,0,0,0,,0,0,N,120,,,,,,,,서울시광진구집단급식소인허가정보.csv
3040000,3040000-105-2021-00004,20211119,,01,영업/정상,01,영업,,,,,,52.90,143842,서울특별시 광진구 자양동 25-2 생생한방병원 ,서울특별시 광진구 동일로 82-1, 생생한방병원 5층 (자양동),05079,경희생생한방병원,2021-11-19 15:22:33,I,2021-11-21 00:22:44.0,병원,205507.103014693    ,448633.824455964    ,병원,0,0,,,,0,0,0,0,0,임대,0,0,N,22.5,,,,,,,,서울시광진구집단급식소인허가정보.csv
3040000,3040000-105-2022-00001,20220311,,01,영업/정상,01,영업,,,,,,23.92,143200,서울특별시 광진구 구의동 680 e편한세상 광진 그랜드파크 ,서울특별시 광진구 광나루로 458, 1층 (구의동, e편한세상 광진 그랜드파크),05022,구립광진그랜드파크 어린이집,2022-03-11 10:55:57,I,2022-03-13 00:22:53.0,어린이집,207035.83480200000  ,449354.42565900000  ,어린이집,0,0,,,,0,0,0,0,0,임대,0,0,N,23.92,,,,,,,서울시광진구집단급식소인허가정보.csv
3040000,3040000-105-2022-00002,20220324,,01,영업/정상,01,영업,,,,,,94.00,143820,서울특별시 광진구 구의동 130-1 ,서울특별시 광진구 천호대로 716-10 (구의동),04981,서울물연구원,2022-03-24 15:27:09,I,2022-03-26 00:22:34.0,공공기관,208075.856962581    ,449392.820284738    ,공공기관,0,0,,,상수도전용,0,0,0,0,0,,0,0,N,32,,,,,,,,,서울시광진구집단급식소인허가정보.csv
3040000,3040000-105-2022-00003,20220719,,01,영업/정상,01,영업,,,,,,,143961,서울특별시 광진구 구의동 228-2 씨엔씨빌딩 4층,서울특별시 광진구 광나루로 556, 씨엔씨빌딩 4층 (구의동),05033,백세만세데이케어센터,2022-07-19 18:10:05,I,2021-12-06 22:01:00.0,사회복지시설,208010.669687459,449110.38970097,,,,,,,,,,,,,,,,,,,,,,,,서울시광진구집단급식소인허가정보.csv
3040000,3040000-105-2022-00004,20220811,,01,영업/정상,01,영업,,,,,,23.00,143844,서울특별시 광진구 자양동 57-53,서울특별시 광진구 능동로3마길 1 (자양동),05084,해든어린이집,2022-09-20 10:17:55,U,2021-12-08 22:02:00.0,어린이집,205607.846913277,448010.82553349,,,,,,,,,,,,,,,,,,,,,,,,,서울시광진구집단급식소인허가정보.csv
3040000,3040000-105-2022-00005,20220818,,01,영업/정상,01,영업,,,,,,26.00,143841,서울특별시 광진구 자양동 6-13 동성교회 지하1층,서울특별시 광진구 아차산로30길 25-10, 동성교회 지하1층 (자양동),05073,동성어린이집,2022-08-18 10:28:39,I,2021-12-07 22:00:00.0,어린이집,205913.564648988,448578.453311196,,,,,,,,,,,,,,,,,,,,,,,,서울시광진구집단급식소인허가정보.csv
3040000,3040000-105-2023-00001,2023-09-18,,01,영업/정상,01,영업,,,,,,59.04,143-901,서울특별시 광진구 중곡동 177-44,서울특별시 광진구 동일로80길 20 (중곡동),04901,광진장애인보호작업장,2023-09-18 13:35:14,I,2022-12-08 22:00:00.0,사회복지시설,207081.425621924,451979.13379963,,,,,,,,,,,,,,,,,,,,,,,,,서울시광진구집단급식소인허가정보.csv
